Frame,Visibility,X,Y,Z,Event,Timestamp
1,0,0.0,0.0,0.0,0,0.0
2,0,0.0,0.0,0.0,0,0.0084033613445378
3,0,0.0,0.0,0.0,0,0.0168067226890756
4,0,0.0,0.0,0.0,0,0.0252100840336134
5,0,0.0,0.0,0.0,0,0.0668067226890756
6,0,0.0,0.0,0.0,0,0.0736134453781512
7,0,0.0,0.0,0.0,0,0.0771428571428571
8,0,0.0,0.0,0.0,0,0.0821848739495798
9,0,0.0,0.0,0.0,0,0.0873949579831932
10,0,0.0,0.0,0.0,0,0.0915966386554621
11,0,0.0,0.0,0.0,0,0.0963865546218487
12,0,0.0,0.0,0.0,0,0.1005042016806722
13,0,0.0,0.0,0.0,0,0.1057142857142857
14,0,0.0,0.0,0.0,0,0.1162184873949579
15,0,0.0,0.0,0.0,0,0.1232773109243697
16,0,0.0,0.0,0.0,0,0.1321848739495798
17,0,0.0,0.0,0.0,0,0.140672268907563
18,0,0.0,0.0,0.0,0,0.1433613445378151
19,0,0.0,0.0,0.0,0,0.1511764705882353
20,0,0.0,0.0,0.0,0,0.1595798319327731
21,0,0.0,0.0,0.0,0,0.1679831932773109
22,0,0.0,0.0,0.0,0,0.1763025210084033
23,0,0.0,0.0,0.0,0,0.1847899159663865
24,0,0.0,0.0,0.0,0,0.193109243697479
25,0,0.0,0.0,0.0,0,0.2015126050420168
26,0,0.0,0.0,0.0,0,0.2099159663865546
27,0,0.0,0.0,0.0,0,0.2183193277310924
28,0,0.0,0.0,0.0,0,0.2267226890756302
29,0,0.0,0.0,0.0,0,0.235126050420168
30,0,0.0,0.0,0.0,0,0.2435294117647058
31,0,0.0,0.0,0.0,0,0.2518487394957983
32,0,0.0,0.0,0.0,0,0.2602521008403361
33,0,0.0,0.0,0.0,0,0.2686554621848739
34,0,0.0,0.0,0.0,0,0.2771428571428571
35,0,0.0,0.0,0.0,0,0.2854621848739496
36,0,0.0,0.0,0.0,0,0.2938655462184874
37,0,0.0,0.0,0.0,0,0.3022689075630252
38,0,0.0,0.0,0.0,0,0.310672268907563
39,0,0.0,0.0,0.0,0,0.3190756302521008
40,0,0.0,0.0,0.0,0,0.3274789915966387
41,0,0.0,0.0,0.0,0,0.3358823529411764
42,0,0.0,0.0,0.0,0,0.3442857142857143
43,0,0.0,0.0,0.0,0,0.3526050420168067
44,0,0.0,0.0,0.0,0,0.3610084033613445
45,0,0.0,0.0,0.0,0,0.3694117647058824
46,0,0.0,0.0,0.0,0,0.3778991596638655
47,0,0.0,0.0,0.0,0,0.3863025210084034
48,0,0.0,0.0,0.0,0,0.3947058823529412
49,0,0.0,0.0,0.0,0,0.403109243697479
50,0,0.0,0.0,0.0,0,0.4115126050420168
51,0,0.0,0.0,0.0,0,0.4198319327731092
52,0,0.0,0.0,0.0,0,0.428235294117647
53,0,0.0,0.0,0.0,0,0.4366386554621849
54,0,0.0,0.0,0.0,0,0.4450420168067227
55,0,0.0,0.0,0.0,0,0.4534453781512605
56,0,0.0,0.0,0.0,0,0.4618487394957983
57,0,0.0,0.0,0.0,0,0.4702521008403361
58,1,1158.0,424.0,0.0,0,0.478655462184874
59,1,518.0,616.0,0.0,0,0.4870588235294117
60,0,0.0,0.0,0.0,0,0.4953781512605042
61,0,0.0,0.0,0.0,0,0.5038655462184874
62,0,0.0,0.0,0.0,0,0.5121848739495799
63,0,0.0,0.0,0.0,0,0.5205882352941177
64,0,0.0,0.0,0.0,0,0.5289075630252101
65,0,0.0,0.0,0.0,0,0.5373949579831933
66,0,0.0,0.0,0.0,0,0.5457983193277312
67,0,0.0,0.0,0.0,0,0.5542016806722689
68,0,0.0,0.0,0.0,0,0.5625210084033614
69,0,0.0,0.0,0.0,0,0.5709243697478992
70,0,0.0,0.0,0.0,0,0.579327731092437
71,0,0.0,0.0,0.0,0,0.5877310924369749
72,0,0.0,0.0,0.0,0,0.5961344537815126
73,0,0.0,0.0,0.0,0,0.6045378151260504
74,0,0.0,0.0,0.0,0,0.6129411764705882
75,0,0.0,0.0,0.0,0,0.6213445378151261
76,0,0.0,0.0,0.0,0,0.6296638655462186
77,0,0.0,0.0,0.0,0,0.6380672268907563
78,0,0.0,0.0,0.0,0,0.6465546218487395
79,0,0.0,0.0,0.0,0,0.6548739495798319
80,0,0.0,0.0,0.0,0,0.6632773109243698
81,0,0.0,0.0,0.0,0,0.6716806722689076
82,0,0.0,0.0,0.0,0,0.6800840336134454
83,0,0.0,0.0,0.0,0,0.6884873949579832
84,0,0.0,0.0,0.0,0,0.6968907563025211
85,0,0.0,0.0,0.0,0,0.7052941176470588
86,0,0.0,0.0,0.0,0,0.7136974789915966
87,0,0.0,0.0,0.0,0,0.7220168067226891
88,0,0.0,0.0,0.0,0,0.7304201680672269
89,0,0.0,0.0,0.0,0,0.7388235294117648
90,0,0.0,0.0,0.0,0,0.7472268907563026
91,0,0.0,0.0,0.0,0,0.7556302521008403
92,0,0.0,0.0,0.0,0,0.7640336134453781
93,0,0.0,0.0,0.0,0,0.772436974789916
94,0,0.0,0.0,0.0,0,0.7808403361344538
95,0,0.0,0.0,0.0,0,0.7892436974789916
96,0,0.0,0.0,0.0,0,0.7976470588235295
97,0,0.0,0.0,0.0,0,0.8060504201680673
98,0,0.0,0.0,0.0,0,0.8143697478991597
99,0,0.0,0.0,0.0,0,0.8227731092436975
100,0,0.0,0.0,0.0,0,0.8311764705882353
101,0,0.0,0.0,0.0,0,0.8395798319327731
102,0,0.0,0.0,0.0,0,0.847983193277311
103,0,0.0,0.0,0.0,0,0.8563865546218488
104,0,0.0,0.0,0.0,0,0.8647899159663865
105,0,0.0,0.0,0.0,0,0.8731932773109244
106,0,0.0,0.0,0.0,0,0.8815966386554622
107,0,0.0,0.0,0.0,0,0.89
108,0,0.0,0.0,0.0,0,0.8984033613445378
109,0,0.0,0.0,0.0,0,0.9068067226890756
110,0,0.0,0.0,0.0,0,0.9152100840336136
111,0,0.0,0.0,0.0,0,0.923529411764706
112,0,0.0,0.0,0.0,0,0.9319327731092436
113,0,0.0,0.0,0.0,0,0.9403361344537816
114,0,0.0,0.0,0.0,0,0.9487394957983194
115,0,0.0,0.0,0.0,0,0.9571428571428572
116,0,0.0,0.0,0.0,0,0.965546218487395
117,0,0.0,0.0,0.0,0,0.9739495798319328
118,0,0.0,0.0,0.0,0,0.9823529411764708
119,0,0.0,0.0,0.0,0,0.9906722689075632
120,0,0.0,0.0,0.0,0,0.9990756302521008
121,0,0.0,0.0,0.0,0,1.007478991596639
122,0,0.0,0.0,0.0,0,1.0158823529411765
123,0,0.0,0.0,0.0,0,1.0242857142857142
124,0,0.0,0.0,0.0,0,1.032689075630252
125,0,0.0,0.0,0.0,0,1.04109243697479
126,0,0.0,0.0,0.0,0,1.0494957983193278
127,0,0.0,0.0,0.0,0,1.0578991596638656
128,0,0.0,0.0,0.0,0,1.0663025210084034
129,0,0.0,0.0,0.0,0,1.0746218487394958
130,0,0.0,0.0,0.0,0,1.0830252100840336
131,0,0.0,0.0,0.0,0,1.0914285714285714
132,0,0.0,0.0,0.0,0,1.0999159663865548
133,0,0.0,0.0,0.0,0,1.108235294117647
134,0,0.0,0.0,0.0,0,1.116638655462185
135,0,0.0,0.0,0.0,0,1.1250420168067228
136,0,0.0,0.0,0.0,0,1.1334453781512606
137,0,0.0,0.0,0.0,0,1.1418487394957983
138,0,0.0,0.0,0.0,0,1.150252100840336
139,0,0.0,0.0,0.0,0,1.158655462184874
140,0,0.0,0.0,0.0,0,1.1670588235294117
141,0,0.0,0.0,0.0,0,1.1754621848739495
142,0,0.0,0.0,0.0,0,1.1837815126050422
143,0,0.0,0.0,0.0,0,1.1922689075630253
144,0,0.0,0.0,0.0,0,1.2005882352941175
145,0,0.0,0.0,0.0,0,1.2089915966386555
146,0,0.0,0.0,0.0,0,1.2173949579831933
147,0,0.0,0.0,0.0,0,1.225798319327731
148,0,0.0,0.0,0.0,0,1.2342016806722689
149,0,0.0,0.0,0.0,0,1.2426050420168069
150,0,0.0,0.0,0.0,0,1.251008403361345
151,0,0.0,0.0,0.0,0,1.2594117647058825
152,0,0.0,0.0,0.0,0,1.2678151260504202
153,0,0.0,0.0,0.0,0,1.276218487394958
154,0,0.0,0.0,0.0,0,1.2846218487394958
155,0,0.0,0.0,0.0,0,1.2930252100840336
156,0,0.0,0.0,0.0,0,1.3013445378151258
157,0,0.0,0.0,0.0,0,1.3097478991596638
158,0,0.0,0.0,0.0,0,1.3181512605042016
159,0,0.0,0.0,0.0,0,1.3265546218487396
160,0,0.0,0.0,0.0,0,1.3349579831932774
161,0,0.0,0.0,0.0,0,1.3433613445378152
162,0,0.0,0.0,0.0,0,1.351764705882353
163,0,0.0,0.0,0.0,0,1.3600840336134454
164,0,0.0,0.0,0.0,0,1.3684873949579832
165,0,0.0,0.0,0.0,0,1.376890756302521
166,0,0.0,0.0,0.0,0,1.3852941176470588
167,0,0.0,0.0,0.0,0,1.3936974789915966
168,0,0.0,0.0,0.0,0,1.4021008403361346
169,0,0.0,0.0,0.0,0,1.4105042016806724
170,0,0.0,0.0,0.0,0,1.41890756302521
171,0,0.0,0.0,0.0,0,1.427310924369748
172,0,0.0,0.0,0.0,0,1.4357142857142855
173,0,0.0,0.0,0.0,0,1.4441176470588235
174,0,0.0,0.0,0.0,0,1.4525210084033613
175,0,0.0,0.0,0.0,0,1.4609243697478993
176,0,0.0,0.0,0.0,0,1.469327731092437
177,0,0.0,0.0,0.0,0,1.4777310924369749
178,0,0.0,0.0,0.0,0,1.4861344537815129
179,0,0.0,0.0,0.0,0,1.4945378151260504
180,0,0.0,0.0,0.0,0,1.5029411764705882
181,0,0.0,0.0,0.0,0,1.511344537815126
182,0,0.0,0.0,0.0,0,1.519747899159664
183,0,0.0,0.0,0.0,0,1.5280672268907562
184,0,0.0,0.0,0.0,0,1.5364705882352945
185,0,0.0,0.0,0.0,0,1.544873949579832
186,0,0.0,0.0,0.0,0,1.5532773109243698
187,0,0.0,0.0,0.0,0,1.5616806722689076
188,0,0.0,0.0,0.0,0,1.5700840336134454
189,0,0.0,0.0,0.0,0,1.5784873949579832
190,0,0.0,0.0,0.0,0,1.5868067226890756
191,0,0.0,0.0,0.0,0,1.5952100840336134
192,0,0.0,0.0,0.0,0,1.6036134453781512
193,0,0.0,0.0,0.0,0,1.6121008403361343
194,0,0.0,0.0,0.0,0,1.620420168067227
195,0,0.0,0.0,0.0,0,1.6288235294117648
196,0,0.0,0.0,0.0,0,1.6372268907563026
197,0,0.0,0.0,0.0,0,1.6456302521008404
198,0,0.0,0.0,0.0,0,1.6540336134453784
199,0,0.0,0.0,0.0,0,1.662436974789916
200,0,0.0,0.0,0.0,0,1.670840336134454
201,0,0.0,0.0,0.0,0,1.6791596638655462
202,0,0.0,0.0,0.0,0,1.6876470588235295
203,0,0.0,0.0,0.0,0,1.695966386554622
204,0,0.0,0.0,0.0,0,1.7043697478991595
205,0,0.0,0.0,0.0,0,1.7127731092436975
206,0,0.0,0.0,0.0,0,1.7211764705882353
207,0,0.0,0.0,0.0,0,1.729579831932773
208,0,0.0,0.0,0.0,0,1.7379831932773109
209,0,0.0,0.0,0.0,0,1.7463865546218489
210,0,0.0,0.0,0.0,0,1.754789915966387
211,0,0.0,0.0,0.0,0,1.7631932773109245
212,0,0.0,0.0,0.0,0,1.771596638655462
213,0,0.0,0.0,0.0,0,1.7799159663865547
214,0,0.0,0.0,0.0,0,1.7883193277310925
215,0,0.0,0.0,0.0,0,1.7969747899159665
216,0,0.0,0.0,0.0,0,1.805126050420168
217,0,0.0,0.0,0.0,0,1.8135294117647056
218,0,0.0,0.0,0.0,0,1.8220168067226887
219,0,0.0,0.0,0.0,0,1.8303361344537816
220,0,0.0,0.0,0.0,0,1.8387394957983196
221,0,0.0,0.0,0.0,0,1.8472268907563023
222,0,0.0,0.0,0.0,0,1.855546218487395
223,0,0.0,0.0,0.0,0,1.8638655462184877
224,0,0.0,0.0,0.0,0,1.8722689075630248
225,0,0.0,0.0,0.0,0,1.880672268907563
226,0,0.0,0.0,0.0,0,1.8890756302521008
227,0,0.0,0.0,0.0,0,1.8974789915966388
228,0,0.0,0.0,0.0,0,1.9058823529411768
229,0,0.0,0.0,0.0,0,1.91436974789916
230,0,0.0,0.0,0.0,0,1.9227731092436973
231,0,0.0,0.0,0.0,0,1.9311764705882355
232,0,0.0,0.0,0.0,0,1.939495798319328
233,0,0.0,0.0,0.0,0,1.9478991596638653
234,0,0.0,0.0,0.0,0,1.9563025210084035
235,0,0.0,0.0,0.0,0,1.9647058823529413
236,0,0.0,0.0,0.0,0,1.973109243697479
237,0,0.0,0.0,0.0,0,1.9814285714285715
238,0,0.0,0.0,0.0,0,1.989747899159664
239,0,0.0,0.0,0.0,0,1.998235294117647
240,0,0.0,0.0,0.0,0,2.00655462184874
241,0,0.0,0.0,0.0,0,2.0149579831932773
242,0,0.0,0.0,0.0,0,2.023361344537815
243,0,0.0,0.0,0.0,0,2.031764705882353
244,0,0.0,0.0,0.0,0,2.0401680672268907
245,0,0.0,0.0,0.0,0,2.0485714285714285
246,0,0.0,0.0,0.0,0,2.0569747899159663
247,0,0.0,0.0,0.0,0,2.065378151260504
248,0,0.0,0.0,0.0,0,2.0737815126050423
249,0,0.0,0.0,0.0,0,2.0821008403361345
250,0,0.0,0.0,0.0,0,2.090588235294118
251,0,0.0,0.0,0.0,0,2.09890756302521
252,0,0.0,0.0,0.0,0,2.107310924369748
253,0,0.0,0.0,0.0,0,2.1157142857142857
254,0,0.0,0.0,0.0,0,2.1241176470588234
255,0,0.0,0.0,0.0,0,2.132521008403361
256,0,0.0,0.0,0.0,0,2.140924369747899
257,0,0.0,0.0,0.0,0,2.149327731092437
258,0,0.0,0.0,0.0,0,2.157731092436975
259,0,0.0,0.0,0.0,0,2.166134453781513
260,0,0.0,0.0,0.0,0,2.174621848739496
261,0,0.0,0.0,0.0,0,2.182857142857143
262,0,0.0,0.0,0.0,0,2.1912605042016806
263,0,0.0,0.0,0.0,0,2.199747899159664
264,0,0.0,0.0,0.0,0,2.2081512605042017
265,0,0.0,0.0,0.0,0,2.216470588235294
266,0,0.0,0.0,0.0,0,2.224873949579832
267,0,0.0,0.0,0.0,0,2.23327731092437
268,0,0.0,0.0,0.0,0,2.241680672268908
269,0,0.0,0.0,0.0,0,2.2500840336134456
270,0,0.0,0.0,0.0,0,2.258487394957984
271,0,0.0,0.0,0.0,0,2.266890756302521
272,0,0.0,0.0,0.0,0,2.275294117647059
273,0,0.0,0.0,0.0,0,2.2836974789915967
274,0,0.0,0.0,0.0,0,2.2921008403361345
275,0,0.0,0.0,0.0,0,2.3005042016806723
276,0,0.0,0.0,0.0,0,2.30890756302521
277,0,0.0,0.0,0.0,0,2.317310924369748
278,0,0.0,0.0,0.0,0,2.3257142857142856
279,0,0.0,0.0,0.0,0,2.3341176470588234
280,0,0.0,0.0,0.0,0,2.342436974789916
281,0,0.0,0.0,0.0,0,2.350840336134454
282,0,0.0,0.0,0.0,0,2.359243697478992
283,0,0.0,0.0,0.0,0,2.367647058823529
284,0,0.0,0.0,0.0,0,2.3760504201680672
285,0,0.0,0.0,0.0,0,2.384453781512605
286,0,0.0,0.0,0.0,0,2.392857142857143
287,0,0.0,0.0,0.0,0,2.4011764705882355
288,0,0.0,0.0,0.0,0,2.4095798319327733
289,0,0.0,0.0,0.0,0,2.417983193277311
290,0,0.0,0.0,0.0,0,2.426386554621849
291,0,0.0,0.0,0.0,0,2.4347899159663866
292,0,0.0,0.0,0.0,0,2.4431932773109244
293,0,0.0,0.0,0.0,0,2.451596638655462
294,0,0.0,0.0,0.0,0,2.46
295,0,0.0,0.0,0.0,0,2.4683193277310926
296,0,0.0,0.0,0.0,0,2.4767226890756304
297,0,0.0,0.0,0.0,0,2.485126050420168
298,0,0.0,0.0,0.0,0,2.493529411764706
299,0,0.0,0.0,0.0,0,2.501932773109244
300,0,0.0,0.0,0.0,0,2.5103361344537816
301,0,0.0,0.0,0.0,0,2.51873949579832
302,0,0.0,0.0,0.0,0,2.527142857142857
303,0,0.0,0.0,0.0,0,2.535546218487395
304,0,0.0,0.0,0.0,0,2.5439495798319327
305,0,0.0,0.0,0.0,0,2.5522689075630254
306,0,0.0,0.0,0.0,0,2.560672268907563
307,0,0.0,0.0,0.0,0,2.569075630252101
308,0,0.0,0.0,0.0,0,2.5774789915966387
309,0,0.0,0.0,0.0,0,2.5858823529411765
310,0,0.0,0.0,0.0,0,2.5942857142857143
311,0,0.0,0.0,0.0,0,2.602689075630252
312,0,0.0,0.0,0.0,0,2.61109243697479
313,0,0.0,0.0,0.0,0,2.619495798319328
314,0,0.0,0.0,0.0,0,2.6278151260504203
315,0,0.0,0.0,0.0,0,2.636218487394958
316,0,0.0,0.0,0.0,0,2.644621848739496
317,0,0.0,0.0,0.0,0,2.653025210084034
318,0,0.0,0.0,0.0,0,2.6614285714285715
319,0,0.0,0.0,0.0,0,2.6698319327731093
320,0,0.0,0.0,0.0,0,2.678235294117647
321,0,0.0,0.0,0.0,0,2.686638655462185
322,0,0.0,0.0,0.0,0,2.6950420168067226
323,0,0.0,0.0,0.0,0,2.7034453781512604
324,0,0.0,0.0,0.0,0,2.711848739495798
325,0,0.0,0.0,0.0,0,2.720168067226891
326,0,0.0,0.0,0.0,0,2.728655462184874
327,0,0.0,0.0,0.0,0,2.7369747899159664
328,0,0.0,0.0,0.0,0,2.7454621848739498
329,0,0.0,0.0,0.0,0,2.753781512605042
330,0,0.0,0.0,0.0,0,2.7622689075630253
331,0,0.0,0.0,0.0,0,2.7705882352941176
332,0,0.0,0.0,0.0,0,2.778991596638656
333,0,0.0,0.0,0.0,0,2.787394957983193
334,0,0.0,0.0,0.0,0,2.795798319327732
335,0,0.0,0.0,0.0,0,2.804201680672269
336,0,0.0,0.0,0.0,0,2.8125210084033614
337,0,0.0,0.0,0.0,0,2.820924369747899
338,0,0.0,0.0,0.0,0,2.829327731092437
339,0,0.0,0.0,0.0,0,2.8377310924369747
340,0,0.0,0.0,0.0,0,2.8461344537815125
341,0,0.0,0.0,0.0,0,2.8545378151260503
342,0,0.0,0.0,0.0,0,2.862941176470588
343,0,0.0,0.0,0.0,0,2.8713445378151263
344,0,0.0,0.0,0.0,0,2.879747899159664
345,0,0.0,0.0,0.0,0,2.888151260504201
346,0,0.0,0.0,0.0,0,2.89655462184874
347,0,0.0,0.0,0.0,0,2.904957983193277
348,0,0.0,0.0,0.0,0,2.9133613445378157
349,0,0.0,0.0,0.0,0,2.921764705882353
350,0,0.0,0.0,0.0,0,2.930168067226891
351,0,0.0,0.0,0.0,0,2.9385714285714286
352,0,0.0,0.0,0.0,0,2.9468907563025213
353,0,0.0,0.0,0.0,0,2.955294117647059
354,0,0.0,0.0,0.0,0,2.963697478991597
355,0,0.0,0.0,0.0,0,2.972100840336134
356,0,0.0,0.0,0.0,0,2.9805042016806724
357,0,0.0,0.0,0.0,0,2.98890756302521
358,0,0.0,0.0,0.0,0,2.997310924369748
359,0,0.0,0.0,0.0,0,3.005714285714286
360,0,0.0,0.0,0.0,0,3.014033613445378
361,0,0.0,0.0,0.0,0,3.022436974789916
362,0,0.0,0.0,0.0,0,3.030840336134454
363,0,0.0,0.0,0.0,0,3.039243697478992
364,0,0.0,0.0,0.0,0,3.0476470588235296
365,0,0.0,0.0,0.0,0,3.0560504201680674
366,0,0.0,0.0,0.0,0,3.064453781512605
367,0,0.0,0.0,0.0,0,3.072857142857143
368,0,0.0,0.0,0.0,0,3.081176470588235
369,0,0.0,0.0,0.0,0,3.0895798319327734
370,0,0.0,0.0,0.0,0,3.0980672268907563
371,0,0.0,0.0,0.0,0,3.106386554621849
372,0,0.0,0.0,0.0,0,3.1147899159663868
373,0,0.0,0.0,0.0,0,3.123193277310925
374,0,0.0,0.0,0.0,0,3.1315966386554623
375,0,0.0,0.0,0.0,0,3.14
376,0,0.0,0.0,0.0,0,3.148403361344538
377,0,0.0,0.0,0.0,0,3.156806722689076
378,0,0.0,0.0,0.0,0,3.165210084033613
379,0,0.0,0.0,0.0,0,3.1736134453781517
380,0,0.0,0.0,0.0,0,3.181932773109244
381,0,0.0,0.0,0.0,0,3.1903361344537817
382,0,0.0,0.0,0.0,0,3.1987394957983195
383,0,0.0,0.0,0.0,0,3.2071428571428573
384,0,0.0,0.0,0.0,0,3.215546218487395
385,0,0.0,0.0,0.0,0,3.223949579831933
386,0,0.0,0.0,0.0,0,3.2323529411764707
387,0,0.0,0.0,0.0,0,3.2407563025210084
388,0,0.0,0.0,0.0,0,3.249159663865546
389,0,0.0,0.0,0.0,0,3.257563025210084
390,0,0.0,0.0,0.0,0,3.2658823529411767
391,0,0.0,0.0,0.0,0,3.2742857142857145
392,0,0.0,0.0,0.0,0,3.2826890756302523
393,0,0.0,0.0,0.0,0,3.291176470588236
394,0,0.0,0.0,0.0,0,3.299495798319328
395,0,0.0,0.0,0.0,0,3.3078991596638656
396,0,0.0,0.0,0.0,0,3.3163025210084034
397,0,0.0,0.0,0.0,0,3.324705882352941
398,0,0.0,0.0,0.0,0,3.333109243697479
399,0,0.0,0.0,0.0,0,3.3415126050420167
400,0,0.0,0.0,0.0,0,3.3499159663865545
401,0,0.0,0.0,0.0,0,3.358235294117647
402,0,0.0,0.0,0.0,0,3.366638655462185
403,0,0.0,0.0,0.0,0,3.3750420168067228
404,0,0.0,0.0,0.0,0,3.383445378151261
405,0,0.0,0.0,0.0,0,3.3918487394957983
406,0,0.0,0.0,0.0,0,3.400252100840336
407,0,0.0,0.0,0.0,0,3.408655462184874
408,0,0.0,0.0,0.0,0,3.417058823529412
409,0,0.0,0.0,0.0,0,3.425462184873949
410,0,0.0,0.0,0.0,0,3.4338655462184877
411,0,0.0,0.0,0.0,0,3.442268907563025
412,0,0.0,0.0,0.0,0,3.4505882352941177
413,0,0.0,0.0,0.0,0,3.459075630252101
414,0,0.0,0.0,0.0,0,3.4673949579831933
415,0,0.0,0.0,0.0,0,3.475798319327731
416,0,0.0,0.0,0.0,0,3.484201680672269
417,0,0.0,0.0,0.0,0,3.4926050420168067
418,0,0.0,0.0,0.0,0,3.5010084033613444
419,0,0.0,0.0,0.0,0,3.5094117647058822
420,0,0.0,0.0,0.0,0,3.5178151260504205
421,0,0.0,0.0,0.0,0,3.5262184873949582
422,0,0.0,0.0,0.0,0,3.5345378151260505
423,0,0.0,0.0,0.0,0,3.5429411764705883
424,0,0.0,0.0,0.0,0,3.551428571428572
425,0,0.0,0.0,0.0,0,3.559747899159664
426,0,0.0,0.0,0.0,0,3.5681512605042016
427,0,0.0,0.0,0.0,0,3.5765546218487394
428,0,0.0,0.0,0.0,0,3.5849579831932776
429,0,0.0,0.0,0.0,0,3.5933613445378154
430,0,0.0,0.0,0.0,0,3.601764705882353
431,0,0.0,0.0,0.0,0,3.610168067226891
432,0,0.0,0.0,0.0,0,3.6185714285714288
433,0,0.0,0.0,0.0,0,3.626974789915967
434,0,0.0,0.0,0.0,0,3.6352941176470592
435,0,0.0,0.0,0.0,0,3.643697478991597
436,0,0.0,0.0,0.0,0,3.6521008403361344
437,0,0.0,0.0,0.0,0,3.6605042016806726
438,0,0.0,0.0,0.0,0,3.6689075630252095
439,0,0.0,0.0,0.0,0,3.677310924369748
440,0,0.0,0.0,0.0,0,3.685798319327731
441,0,0.0,0.0,0.0,0,3.694117647058824
442,0,0.0,0.0,0.0,0,3.7025210084033615
443,0,0.0,0.0,0.0,0,3.7109243697478993
444,0,0.0,0.0,0.0,0,3.719243697478992
445,0,0.0,0.0,0.0,0,3.727647058823529
446,0,0.0,0.0,0.0,0,3.736050420168068
447,0,0.0,0.0,0.0,0,3.744453781512605
448,0,0.0,0.0,0.0,0,3.752857142857143
449,0,0.0,0.0,0.0,0,3.761260504201681
450,0,0.0,0.0,0.0,0,3.7696638655462182
451,0,0.0,0.0,0.0,0,3.778067226890757
452,0,0.0,0.0,0.0,0,3.7864705882352943
453,0,0.0,0.0,0.0,0,3.794873949579832
454,0,0.0,0.0,0.0,0,3.80327731092437
455,0,0.0,0.0,0.0,0,3.8115966386554634
456,0,0.0,0.0,0.0,0,3.82
457,0,0.0,0.0,0.0,0,3.828403361344538
458,0,0.0,0.0,0.0,0,3.836806722689076
459,0,0.0,0.0,0.0,0,3.8452100840336136
460,0,0.0,0.0,0.0,0,3.853613445378152
461,0,0.0,0.0,0.0,0,3.862016806722689
462,0,0.0,0.0,0.0,0,3.8704201680672266
463,0,0.0,0.0,0.0,0,3.878823529411765
464,0,0.0,0.0,0.0,0,3.887226890756303
465,0,0.0,0.0,0.0,0,3.89563025210084
466,0,0.0,0.0,0.0,0,3.903949579831933
467,0,0.0,0.0,0.0,0,3.912352941176471
468,0,0.0,0.0,0.0,0,3.920756302521009
469,0,0.0,0.0,0.0,0,3.9291596638655455
470,0,0.0,0.0,0.0,0,3.937563025210084
471,0,0.0,0.0,0.0,0,3.945966386554622
472,0,0.0,0.0,0.0,0,3.95436974789916
473,0,0.0,0.0,0.0,0,3.9627731092436975
474,0,0.0,0.0,0.0,0,3.9711764705882353
475,0,0.0,0.0,0.0,0,3.979579831932773
476,0,0.0,0.0,0.0,0,3.987983193277311
477,0,0.0,0.0,0.0,0,3.996302521008404
478,0,0.0,0.0,0.0,0,4.004705882352941
479,0,0.0,0.0,0.0,0,4.013109243697479
480,0,0.0,0.0,0.0,0,4.021512605042017
481,0,0.0,0.0,0.0,0,4.029915966386555
482,0,0.0,0.0,0.0,0,4.0383193277310925
483,0,0.0,0.0,0.0,0,4.04672268907563
484,0,0.0,0.0,0.0,0,4.055126050420168
485,0,0.0,0.0,0.0,0,4.063529411764706
486,1,1326.0,730.0,0.0,0,4.071932773109244
487,1,1212.0,773.0,0.0,0,4.080336134453781
488,1,1226.0,762.0,0.0,0,4.088739495798319
489,1,1172.0,778.0,0.0,0,4.097142857142857
490,1,1170.0,781.0,0.0,0,4.105546218487395
491,1,1126.0,792.0,0.0,0,4.1139495798319325
492,1,1108.0,800.0,0.0,0,4.12235294117647
493,1,1038.0,818.0,0.0,0,4.130756302521008
494,1,1040.0,821.0,0.0,0,4.139075630252101
495,1,1018.0,821.0,0.0,0,4.147478991596639
496,1,958.0,840.0,0.0,0,4.155882352941177
497,1,944.0,842.0,0.0,0,4.164285714285715
498,1,932.0,850.0,0.0,0,4.172689075630252
499,1,912.0,864.0,0.0,0,4.18109243697479
500,1,904.0,866.0,0.0,0,4.189495798319328
501,1,884.0,864.0,0.0,0,4.19781512605042
502,1,868.0,869.0,0.0,0,4.206218487394958
503,1,836.0,877.0,0.0,0,4.214621848739496
504,1,810.0,882.0,0.0,0,4.2230252100840335
505,1,812.0,882.0,0.0,0,4.231428571428571
506,1,784.0,893.0,0.0,0,4.239831932773109
507,1,780.0,893.0,0.0,0,4.248235294117647
508,1,772.0,896.0,0.0,0,4.256638655462185
509,1,766.0,898.0,0.0,0,4.2650420168067225
510,1,760.0,904.0,0.0,0,4.27344537815126
511,1,748.0,904.0,0.0,0,4.281848739495798
512,1,732.0,909.0,0.0,0,4.290252100840336
513,1,726.0,909.0,0.0,0,4.2986554621848745
514,1,714.0,914.0,0.0,0,4.307058823529412
515,1,708.0,917.0,0.0,0,4.3153781512605045
516,1,694.0,920.0,0.0,0,4.323781512605043
517,1,694.0,920.0,0.0,0,4.33218487394958
518,1,678.0,928.0,0.0,0,4.340588235294118
519,1,674.0,928.0,0.0,0,4.348991596638656
520,1,672.0,930.0,0.0,0,4.357310924369748
521,1,656.0,933.0,0.0,0,4.365714285714286
522,1,652.0,936.0,0.0,0,4.374117647058823
523,1,648.0,944.0,0.0,0,4.382521008403361
524,1,640.0,941.0,0.0,0,4.390924369747899
525,1,634.0,946.0,0.0,0,4.399327731092437
526,1,628.0,949.0,0.0,0,4.40781512605042
527,1,622.0,946.0,0.0,0,4.416134453781512
528,1,620.0,946.0,0.0,0,4.42453781512605
529,1,616.0,949.0,0.0,0,4.432941176470588
530,1,614.0,952.0,0.0,0,4.441344537815127
531,1,608.0,952.0,0.0,0,4.449747899159664
532,1,604.0,952.0,0.0,0,4.458067226890757
533,1,600.0,954.0,0.0,0,4.466470588235294
534,1,596.0,954.0,0.0,0,4.474873949579832
535,1,592.0,960.0,0.0,0,4.48327731092437
536,1,588.0,962.0,0.0,0,4.491680672268908
537,1,586.0,962.0,0.0,0,4.5000840336134456
538,1,582.0,962.0,0.0,0,4.508487394957983
539,1,580.0,965.0,0.0,0,4.516890756302521
540,1,576.0,965.0,0.0,0,4.525294117647059
541,1,576.0,968.0,0.0,0,4.533697478991597
542,1,572.0,968.0,0.0,0,4.542100840336135
543,1,570.0,968.0,0.0,0,4.550504201680672
544,1,566.0,973.0,0.0,0,4.5588235294117645
545,1,566.0,973.0,0.0,0,4.567226890756302
546,1,562.0,973.0,0.0,0,4.57563025210084
547,1,562.0,973.0,0.0,0,4.584033613445378
548,1,558.0,976.0,0.0,0,4.5924369747899165
549,1,556.0,978.0,0.0,0,4.600840336134454
550,1,556.0,978.0,0.0,0,4.609243697478993
551,1,552.0,981.0,0.0,0,4.61764705882353
552,1,552.0,981.0,0.0,0,4.626050420168068
553,1,552.0,981.0,0.0,0,4.6344537815126055
554,1,550.0,984.0,0.0,0,4.642773109243698
555,1,550.0,984.0,0.0,0,4.651176470588236
556,1,546.0,984.0,0.0,0,4.659579831932773
557,1,546.0,989.0,0.0,0,4.667983193277311
558,1,546.0,989.0,0.0,0,4.676386554621849
559,1,544.0,986.0,0.0,0,4.684789915966387
560,1,544.0,989.0,0.0,0,4.693193277310924
561,1,544.0,989.0,0.0,0,4.701596638655462
562,1,544.0,992.0,0.0,0,4.71
563,1,544.0,994.0,0.0,0,4.718403361344538
564,1,542.0,994.0,0.0,0,4.726806722689076
565,1,544.0,994.0,0.0,0,4.735210084033613
566,1,542.0,994.0,0.0,0,4.743529411764706
567,1,542.0,1000.0,0.0,0,4.751932773109244
568,1,542.0,1000.0,0.0,0,4.760336134453782
569,1,542.0,1000.0,0.0,0,4.76873949579832
570,1,542.0,1000.0,0.0,0,4.777142857142858
571,1,542.0,1000.0,0.0,0,4.785546218487395
572,1,542.0,1002.0,0.0,0,4.793949579831933
573,1,542.0,1002.0,0.0,0,4.802352941176471
574,1,542.0,1002.0,0.0,0,4.810756302521009
575,1,544.0,1005.0,0.0,0,4.8191596638655465
576,1,544.0,1005.0,0.0,0,4.827563025210084
577,1,544.0,1005.0,0.0,0,4.835966386554622
578,1,546.0,1008.0,0.0,0,4.84436974789916
579,1,546.0,1008.0,0.0,0,4.852773109243698
580,1,546.0,1010.0,0.0,0,4.86109243697479
581,1,546.0,1010.0,0.0,0,4.869495798319328
582,1,546.0,1010.0,0.0,0,4.8778991596638654
583,1,546.0,1010.0,0.0,0,4.886302521008403
584,1,548.0,1013.0,0.0,0,4.894705882352941
585,1,548.0,1016.0,0.0,0,4.903109243697479
586,1,550.0,1016.0,0.0,0,4.911512605042017
587,1,550.0,1016.0,0.0,0,4.9199159663865535
588,1,554.0,1016.0,0.0,0,4.928319327731092
589,1,554.0,1016.0,0.0,0,4.936722689075631
590,1,554.0,1016.0,0.0,0,4.945126050420169
591,1,558.0,1016.0,0.0,0,4.953613445378151
592,1,558.0,1016.0,0.0,0,4.961932773109244
593,1,558.0,1018.0,0.0,0,4.970336134453782
594,1,560.0,1021.0,0.0,0,4.978655462184874
595,1,562.0,1021.0,0.0,0,4.987058823529412
596,1,562.0,1021.0,0.0,0,4.99546218487395
597,1,564.0,1021.0,0.0,0,5.003865546218488
598,1,566.0,1021.0,0.0,0,5.012268907563025
599,1,566.0,1021.0,0.0,0,5.020672268907563
600,1,568.0,1021.0,0.0,0,5.029075630252101
601,1,570.0,1021.0,0.0,0,5.037478991596639
602,1,572.0,1021.0,0.0,0,5.0458823529411765
603,1,574.0,1021.0,0.0,0,5.054285714285714
604,1,910.0,1034.0,0.0,0,5.062689075630252
605,1,912.0,1037.0,0.0,0,5.07109243697479
606,1,912.0,1037.0,0.0,0,5.079495798319328
607,1,914.0,1040.0,0.0,0,5.087815126050421
608,1,914.0,1040.0,0.0,0,5.096218487394959
609,1,916.0,1040.0,0.0,0,5.104537815126051
610,1,914.0,1037.0,0.0,0,5.1129411764705885
611,1,906.0,1034.0,0.0,0,5.121344537815126
612,1,906.0,1034.0,0.0,0,5.129747899159664
613,1,908.0,1034.0,0.0,0,5.138151260504202
614,1,908.0,1037.0,0.0,0,5.14655462184874
615,1,908.0,1037.0,0.0,0,5.1549579831932775
616,1,912.0,1037.0,0.0,0,5.163361344537815
617,1,604.0,1029.0,0.0,0,5.171764705882353
618,1,606.0,1032.0,0.0,0,5.180168067226891
619,1,608.0,1032.0,0.0,0,5.188487394957983
620,1,610.0,1032.0,0.0,0,5.196890756302521
621,1,614.0,1032.0,0.0,0,5.205294117647059
622,1,616.0,1032.0,0.0,0,5.213697478991596
623,1,618.0,1032.0,0.0,0,5.222100840336134
624,1,620.0,1032.0,0.0,0,5.230504201680672
625,1,624.0,1032.0,0.0,0,5.238907563025211
626,1,624.0,1032.0,0.0,0,5.247310924369748
627,1,628.0,1032.0,0.0,0,5.255714285714286
628,1,632.0,1034.0,0.0,0,5.264117647058824
629,1,632.0,1034.0,0.0,0,5.272521008403362
630,1,636.0,1032.0,0.0,0,5.280840336134454
631,1,638.0,1032.0,0.0,0,5.289243697478992
632,1,642.0,1032.0,0.0,0,5.29764705882353
633,1,646.0,1032.0,0.0,0,5.306050420168068
634,1,648.0,1032.0,0.0,0,5.314453781512605
635,1,652.0,1034.0,0.0,0,5.322857142857143
636,1,656.0,1037.0,0.0,0,5.331260504201681
637,1,660.0,1037.0,0.0,0,5.3396638655462185
638,1,660.0,1037.0,0.0,0,5.348067226890756
639,1,664.0,1037.0,0.0,0,5.356470588235294
640,1,666.0,1037.0,0.0,0,5.364789915966386
641,1,670.0,1037.0,0.0,0,5.373193277310924
642,1,674.0,1037.0,0.0,0,5.381596638655462
643,1,680.0,1037.0,0.0,0,5.390000000000001
644,1,680.0,1037.0,0.0,0,5.398403361344538
645,1,682.0,1037.0,0.0,0,5.406806722689076
646,1,688.0,1037.0,0.0,0,5.415210084033614
647,1,688.0,1037.0,0.0,0,5.423613445378152
648,1,692.0,1037.0,0.0,0,5.4320168067226895
649,1,696.0,1037.0,0.0,0,5.440420168067227
650,1,696.0,1037.0,0.0,0,5.448823529411765
651,1,702.0,1037.0,0.0,0,5.457226890756303
652,1,704.0,1040.0,0.0,0,5.465546218487395
653,1,708.0,1037.0,0.0,0,5.473949579831933
654,1,710.0,1040.0,0.0,0,5.482352941176471
655,1,714.0,1040.0,0.0,0,5.490756302521008
656,1,718.0,1037.0,0.0,0,5.499159663865546
657,1,720.0,1037.0,0.0,0,5.507563025210084
658,1,724.0,1042.0,0.0,0,5.515966386554622
659,1,726.0,1040.0,0.0,0,5.52436974789916
660,1,730.0,1040.0,0.0,0,5.532773109243697
661,0,0.0,0.0,0.0,0,5.541176470588235
662,1,740.0,1040.0,0.0,0,5.549579831932773
663,1,744.0,1040.0,0.0,0,5.557899159663866
664,1,746.0,1042.0,0.0,0,5.566302521008404
665,1,750.0,1042.0,0.0,0,5.574705882352942
666,1,752.0,1040.0,0.0,0,5.583109243697479
667,1,756.0,1042.0,0.0,0,5.591512605042018
668,1,760.0,1045.0,0.0,0,5.599915966386555
669,1,762.0,1045.0,0.0,0,5.608319327731093
670,1,766.0,1042.0,0.0,0,5.616722689075631
671,1,770.0,1042.0,0.0,0,5.625126050420168
672,1,774.0,1042.0,0.0,0,5.633529411764706
673,1,776.0,1045.0,0.0,0,5.641932773109244
674,1,918.0,1042.0,0.0,0,5.650252100840336
675,1,920.0,1034.0,0.0,0,5.658655462184874
676,1,918.0,1034.0,0.0,0,5.667058823529412
677,1,920.0,1034.0,0.0,0,5.6754621848739495
678,1,920.0,1026.0,0.0,0,5.683865546218487
679,1,796.0,1042.0,0.0,0,5.692268907563025
680,1,798.0,1042.0,0.0,0,5.700672268907563
681,1,804.0,1042.0,0.0,0,5.709075630252101
682,1,810.0,1042.0,0.0,0,5.717478991596638
683,1,814.0,1042.0,0.0,0,5.725882352941176
684,1,814.0,1042.0,0.0,0,5.734285714285715
685,1,816.0,1042.0,0.0,0,5.742605042016807
686,1,822.0,1042.0,0.0,0,5.7510924369747904
687,1,822.0,1042.0,0.0,0,5.759411764705883
688,1,828.0,1042.0,0.0,0,5.767899159663866
689,1,830.0,1045.0,0.0,0,5.776218487394958
690,1,832.0,1045.0,0.0,0,5.784621848739496
691,1,838.0,1042.0,0.0,0,5.793025210084034
692,1,838.0,1042.0,0.0,0,5.801428571428572
693,1,852.0,1045.0,0.0,0,5.809831932773109
694,1,846.0,1042.0,0.0,0,5.818235294117647
695,1,842.0,1037.0,0.0,0,5.826638655462185
696,1,834.0,1032.0,0.0,0,5.834957983193277
697,1,822.0,1026.0,0.0,0,5.843361344537815
698,1,808.0,1024.0,0.0,0,5.851764705882353
699,1,802.0,1024.0,0.0,0,5.8601680672268905
700,1,794.0,1021.0,0.0,0,5.868571428571428
701,1,774.0,1013.0,0.0,0,5.876974789915966
702,1,766.0,1010.0,0.0,0,5.885378151260505
703,1,750.0,994.0,0.0,0,5.893781512605043
704,1,738.0,994.0,0.0,0,5.90218487394958
705,1,734.0,992.0,0.0,0,5.910588235294118
706,1,730.0,986.0,0.0,0,5.918991596638656
707,1,724.0,986.0,0.0,0,5.927310924369748
708,1,710.0,978.0,0.0,0,5.935714285714286
709,1,704.0,976.0,0.0,0,5.944117647058824
710,1,700.0,973.0,0.0,0,5.9525210084033615
711,1,684.0,968.0,0.0,0,5.960924369747899
712,1,678.0,962.0,0.0,0,5.969327731092437
713,1,664.0,957.0,0.0,0,5.977731092436975
714,1,654.0,952.0,0.0,0,5.986134453781513
715,1,648.0,949.0,0.0,0,5.99453781512605
716,1,640.0,944.0,0.0,0,6.002941176470588
717,1,634.0,941.0,0.0,0,6.011344537815126
718,1,626.0,936.0,0.0,0,6.019747899159664
719,1,622.0,933.0,0.0,0,6.028067226890756
720,1,618.0,930.0,0.0,0,6.036470588235295
721,1,602.0,925.0,0.0,0,6.0448739495798325
722,1,600.0,920.0,0.0,0,6.05327731092437
723,1,592.0,917.0,0.0,0,6.061680672268908
724,1,582.0,912.0,0.0,0,6.070084033613446
725,1,578.0,906.0,0.0,0,6.078487394957984
726,1,572.0,904.0,0.0,0,6.086890756302521
727,1,564.0,896.0,0.0,0,6.095294117647059
728,1,560.0,896.0,0.0,0,6.103697478991597
729,1,556.0,893.0,0.0,0,6.112016806722689
730,1,550.0,888.0,0.0,0,6.1205042016806726
731,1,538.0,882.0,0.0,0,6.128823529411765
732,1,534.0,880.0,0.0,0,6.137226890756303
733,1,528.0,874.0,0.0,0,6.14563025210084
734,1,520.0,869.0,0.0,0,6.154033613445378
735,1,516.0,864.0,0.0,0,6.162436974789916
736,1,512.0,861.0,0.0,0,6.170840336134454
737,1,506.0,858.0,0.0,0,6.179243697478992
738,1,502.0,856.0,0.0,0,6.187563025210085
739,1,498.0,853.0,0.0,0,6.195966386554622
740,1,492.0,850.0,0.0,0,6.20436974789916
741,1,484.0,845.0,0.0,0,6.212773109243698
742,1,484.0,840.0,0.0,0,6.221176470588236
743,1,476.0,834.0,0.0,0,6.2295798319327735
744,1,472.0,834.0,0.0,0,6.237983193277311
745,1,468.0,824.0,0.0,0,6.246386554621849
746,1,460.0,824.0,0.0,0,6.254789915966387
747,1,458.0,818.0,0.0,0,6.263193277310925
748,1,452.0,816.0,0.0,0,6.271596638655463
749,1,450.0,813.0,0.0,0,6.28
750,1,444.0,808.0,0.0,0,6.288319327731093
751,1,444.0,802.0,0.0,0,6.29672268907563
752,1,440.0,800.0,0.0,0,6.305126050420168
753,1,436.0,797.0,0.0,0,6.313529411764706
754,1,430.0,792.0,0.0,0,6.321932773109244
755,1,428.0,786.0,0.0,0,6.330336134453781
756,1,420.0,781.0,0.0,0,6.338739495798319
757,1,418.0,778.0,0.0,0,6.347142857142857
758,1,416.0,776.0,0.0,0,6.355546218487395
759,1,412.0,773.0,0.0,0,6.3639495798319325
760,1,410.0,768.0,0.0,0,6.37235294117647
761,1,408.0,765.0,0.0,0,6.380756302521009
762,1,406.0,760.0,0.0,0,6.389075630252101
763,1,402.0,754.0,0.0,0,6.397478991596639
764,1,398.0,752.0,0.0,0,6.405882352941177
765,1,398.0,749.0,0.0,0,6.414285714285715
766,1,394.0,744.0,0.0,0,6.422689075630252
767,1,392.0,741.0,0.0,0,6.43109243697479
768,1,390.0,738.0,0.0,0,6.439495798319328
769,1,386.0,733.0,0.0,0,6.447899159663866
770,1,384.0,730.0,0.0,0,6.456302521008404
771,1,384.0,728.0,0.0,0,6.464705882352941
772,1,382.0,722.0,0.0,0,6.4730252100840335
773,1,382.0,717.0,0.0,0,6.481428571428571
774,1,378.0,717.0,0.0,0,6.489915966386555
775,1,376.0,709.0,0.0,0,6.498235294117647
776,1,376.0,706.0,0.0,0,6.506638655462185
777,1,374.0,701.0,0.0,0,6.5150420168067225
778,1,376.0,698.0,0.0,0,6.52344537815126
779,1,372.0,688.0,0.0,0,6.531848739495799
780,1,372.0,688.0,0.0,0,6.540252100840337
781,1,372.0,685.0,0.0,0,6.5486554621848745
782,1,372.0,685.0,0.0,0,6.556974789915967
783,1,372.0,680.0,0.0,0,6.5653781512605045
784,1,370.0,674.0,0.0,0,6.573781512605043
785,1,370.0,669.0,0.0,0,6.58218487394958
786,1,370.0,666.0,0.0,0,6.590588235294118
787,1,370.0,661.0,0.0,0,6.598991596638656
788,1,370.0,661.0,0.0,0,6.607394957983193
789,1,364.0,661.0,0.0,0,6.615798319327731
790,0,0.0,0.0,0.0,0,6.624201680672269
791,1,374.0,645.0,0.0,0,6.632605042016807
792,1,372.0,640.0,0.0,0,6.641008403361345
793,1,374.0,637.0,0.0,0,6.649411764705882
794,1,372.0,632.0,0.0,0,6.65781512605042
795,0,0.0,0.0,0.0,0,6.666134453781512
796,1,378.0,618.0,0.0,0,6.674537815126051
797,1,382.0,621.0,0.0,0,6.682941176470589
798,1,378.0,616.0,0.0,0,6.691344537815127
799,1,386.0,616.0,0.0,0,6.699747899159664
800,0,0.0,0.0,0.0,0,6.708151260504202
801,1,390.0,608.0,0.0,0,6.71655462184874
802,1,394.0,602.0,0.0,0,6.724957983193278
803,1,394.0,600.0,0.0,0,6.733361344537816
804,1,396.0,594.0,0.0,0,6.741680672268908
805,1,406.0,589.0,0.0,0,6.7500840336134456
806,1,404.0,586.0,0.0,0,6.75857142857143
807,1,406.0,584.0,0.0,0,6.766890756302521
808,1,412.0,584.0,0.0,0,6.775294117647059
809,1,412.0,578.0,0.0,0,6.783697478991597
810,1,420.0,570.0,0.0,0,6.792100840336135
811,1,426.0,568.0,0.0,0,6.800504201680672
812,1,432.0,565.0,0.0,0,6.808991596638656
813,1,438.0,562.0,0.0,0,6.817310924369748
814,1,440.0,562.0,0.0,0,6.825714285714286
815,1,450.0,554.0,0.0,0,6.834117647058823
816,1,448.0,549.0,0.0,0,6.8424369747899165
817,1,454.0,546.0,0.0,0,6.850840336134454
818,1,462.0,544.0,0.0,0,6.859243697478993
819,1,470.0,541.0,0.0,0,6.86764705882353
820,1,476.0,536.0,0.0,0,6.876050420168068
821,1,484.0,528.0,0.0,0,6.8844537815126055
822,1,490.0,525.0,0.0,0,6.892857142857143
823,1,500.0,522.0,0.0,0,6.901260504201681
824,1,498.0,522.0,0.0,0,6.909663865546219
825,1,504.0,520.0,0.0,0,6.918067226890757
826,1,516.0,514.0,0.0,0,6.926470588235294
827,1,526.0,509.0,0.0,0,6.934873949579832
828,1,534.0,506.0,0.0,0,6.94327731092437
829,1,540.0,506.0,0.0,0,6.951596638655462
830,1,546.0,506.0,0.0,0,6.9600840336134455
831,1,564.0,493.0,0.0,0,6.968487394957983
832,1,570.0,493.0,0.0,0,6.976890756302521
833,1,586.0,488.0,0.0,0,6.985210084033613
834,1,584.0,485.0,0.0,0,6.993613445378151
835,1,588.0,488.0,0.0,0,7.002016806722689
836,1,620.0,477.0,0.0,0,7.010420168067227
837,1,626.0,477.0,0.0,0,7.0188235294117645
838,1,628.0,477.0,0.0,0,7.027142857142858
839,1,636.0,477.0,0.0,0,7.035546218487395
840,1,646.0,472.0,0.0,0,7.043949579831933
841,1,662.0,466.0,0.0,0,7.052352941176471
842,1,670.0,466.0,0.0,0,7.060756302521009
843,1,676.0,469.0,0.0,0,7.0691596638655465
844,1,680.0,466.0,0.0,0,7.077563025210084
845,1,688.0,466.0,0.0,0,7.085966386554622
846,1,704.0,461.0,0.0,0,7.09436974789916
847,1,744.0,453.0,0.0,0,7.102773109243698
848,1,750.0,453.0,0.0,0,7.111176470588235
849,1,754.0,453.0,0.0,0,7.119579831932773
850,1,770.0,453.0,0.0,0,7.1278991596638654
851,1,800.0,442.0,0.0,0,7.136302521008403
852,1,808.0,442.0,0.0,0,7.144705882352941
853,1,814.0,445.0,0.0,0,7.153109243697479
854,1,828.0,445.0,0.0,0,7.161512605042017
855,1,828.0,445.0,0.0,0,7.169915966386555
856,1,838.0,442.0,0.0,0,7.178319327731093
857,1,884.0,437.0,0.0,0,7.186722689075631
858,1,890.0,437.0,0.0,0,7.195126050420169
859,1,896.0,432.0,0.0,0,7.203445378151261
860,1,910.0,432.0,0.0,0,7.211848739495799
861,1,924.0,429.0,0.0,0,7.220252100840336
862,1,948.0,432.0,0.0,0,7.228655462184874
863,1,940.0,432.0,0.0,0,7.237058823529412
864,1,974.0,432.0,0.0,0,7.24546218487395
865,1,972.0,432.0,0.0,0,7.253865546218488
866,1,976.0,434.0,0.0,0,7.262268907563025
867,1,990.0,437.0,0.0,0,7.270672268907563
868,1,1036.0,429.0,0.0,0,7.279075630252101
869,1,1048.0,432.0,0.0,0,7.287478991596639
870,1,1058.0,429.0,0.0,0,7.295798319327731
871,1,1082.0,426.0,0.0,0,7.304201680672269
872,1,1098.0,429.0,0.0,0,7.3126050420168065
873,1,1094.0,429.0,0.0,0,7.321008403361345
874,1,1122.0,434.0,0.0,0,7.329411764705883
875,1,1122.0,434.0,0.0,0,7.337815126050421
876,1,1128.0,437.0,0.0,0,7.3462184873949585
877,1,1182.0,434.0,0.0,0,7.354621848739496
878,1,1184.0,432.0,0.0,0,7.363025210084034
879,1,1190.0,434.0,0.0,0,7.371428571428572
880,1,1202.0,434.0,0.0,0,7.37983193277311
881,1,1216.0,432.0,0.0,0,7.388235294117647
882,1,1230.0,434.0,0.0,0,7.39655462184874
883,1,1236.0,434.0,0.0,0,7.404957983193277
884,1,1264.0,440.0,0.0,0,7.413361344537815
885,1,1268.0,442.0,0.0,0,7.421764705882353
886,1,1278.0,442.0,0.0,0,7.430168067226891
887,1,1318.0,440.0,0.0,0,7.438571428571429
888,1,1316.0,442.0,0.0,0,7.446974789915966
889,1,1328.0,442.0,0.0,0,7.455378151260503
890,1,1340.0,445.0,0.0,0,7.463781512605042
891,1,1352.0,445.0,0.0,0,7.47218487394958
892,1,1364.0,448.0,0.0,0,7.480588235294117
893,1,1378.0,450.0,0.0,0,7.488907563025211
894,1,1394.0,456.0,0.0,0,7.497310924369748
895,1,1396.0,456.0,0.0,0,7.505714285714286
896,1,1404.0,458.0,0.0,0,7.514117647058824
897,1,1404.0,461.0,0.0,0,7.522521008403362
898,1,1442.0,461.0,0.0,0,7.5309243697479
899,1,1452.0,458.0,0.0,0,7.539327731092437
900,1,1464.0,466.0,0.0,0,7.547731092436975
901,1,1480.0,472.0,0.0,0,7.556134453781513
902,1,1480.0,472.0,0.0,0,7.564453781512605
903,1,1488.0,472.0,0.0,0,7.572857142857143
904,1,1488.0,474.0,0.0,0,7.581260504201681
905,0,0.0,0.0,0.0,0,7.589663865546218
906,0,0.0,0.0,0.0,0,7.598067226890756
907,1,1168.0,645.0,0.0,0,7.606470588235294
908,1,1164.0,648.0,0.0,0,7.614873949579832
909,1,1158.0,648.0,0.0,0,7.62327731092437
910,1,1152.0,653.0,0.0,0,7.6316806722689075
911,1,1090.0,680.0,0.0,0,7.640084033613445
912,1,1044.0,706.0,0.0,0,7.648487394957983
913,1,952.0,749.0,0.0,0,7.656890756302521
914,1,956.0,752.0,0.0,0,7.665294117647059
915,1,908.0,770.0,0.0,0,7.673697478991597
916,1,846.0,805.0,0.0,0,7.682100840336135
917,1,808.0,824.0,0.0,0,7.690420168067227
918,1,810.0,824.0,0.0,0,7.698823529411765
919,1,790.0,837.0,0.0,0,7.707226890756303
920,1,782.0,840.0,0.0,0,7.715630252100841
921,1,762.0,845.0,0.0,0,7.724033613445378
922,1,746.0,856.0,0.0,0,7.732436974789916
923,1,734.0,866.0,0.0,0,7.740840336134453
924,1,706.0,874.0,0.0,0,7.749243697478992
925,1,702.0,877.0,0.0,0,7.75764705882353
926,1,692.0,885.0,0.0,0,7.765966386554622
927,1,668.0,898.0,0.0,0,7.77436974789916
928,1,670.0,898.0,0.0,0,7.782773109243697
929,1,666.0,901.0,0.0,0,7.791176470588235
930,1,660.0,904.0,0.0,0,7.799579831932773
931,1,650.0,904.0,0.0,0,7.807983193277311
932,1,640.0,912.0,0.0,0,7.816386554621849
933,1,638.0,920.0,0.0,0,7.824789915966387
934,1,626.0,922.0,0.0,0,7.833193277310925
935,1,624.0,925.0,0.0,0,7.841596638655463
936,1,618.0,928.0,0.0,0,7.849915966386555
937,1,616.0,930.0,0.0,0,7.858319327731093
938,1,608.0,936.0,0.0,0,7.8667226890756305
939,1,602.0,938.0,0.0,0,7.875126050420168
940,1,598.0,938.0,0.0,0,7.883529411764706
941,1,596.0,941.0,0.0,0,7.891932773109244
942,1,590.0,946.0,0.0,0,7.900336134453782
943,1,588.0,946.0,0.0,0,7.908739495798319
944,1,586.0,952.0,0.0,0,7.917142857142857
945,1,582.0,952.0,0.0,0,7.925546218487395
946,1,580.0,957.0,0.0,0,7.933949579831933
947,1,574.0,957.0,0.0,0,7.942436974789916
948,1,574.0,957.0,0.0,0,7.950756302521008
949,1,572.0,960.0,0.0,0,7.959159663865546
950,1,570.0,968.0,0.0,0,7.967478991596639
951,1,568.0,965.0,0.0,0,7.975882352941177
952,1,566.0,968.0,0.0,0,7.984285714285715
953,1,562.0,970.0,0.0,0,7.992689075630253
954,1,560.0,970.0,0.0,0,8.00109243697479
955,1,560.0,973.0,0.0,0,8.009495798319328
956,1,558.0,973.0,0.0,0,8.017899159663866
957,1,558.0,976.0,0.0,0,8.026302521008404
958,1,556.0,978.0,0.0,0,8.034621848739496
959,1,556.0,978.0,0.0,0,8.043025210084034
960,1,556.0,978.0,0.0,0,8.051428571428572
961,1,554.0,981.0,0.0,0,8.05983193277311
962,1,554.0,986.0,0.0,0,8.068235294117647
963,1,554.0,986.0,0.0,0,8.076638655462185
964,1,552.0,986.0,0.0,0,8.085042016806723
965,1,552.0,989.0,0.0,0,8.09344537815126
966,1,550.0,992.0,0.0,0,8.101848739495798
967,1,550.0,992.0,0.0,0,8.110252100840336
968,1,550.0,992.0,0.0,0,8.118571428571428
969,1,550.0,994.0,0.0,0,8.126974789915966
970,1,552.0,992.0,0.0,0,8.135378151260504
971,1,552.0,997.0,0.0,0,8.143781512605042
972,0,0.0,0.0,0.0,0,8.15218487394958
973,0,0.0,0.0,0.0,0,8.160588235294117
974,0,0.0,0.0,0.0,0,8.168991596638655
975,1,552.0,997.0,0.0,0,8.177394957983193
976,1,550.0,1000.0,0.0,0,8.18579831932773
977,1,554.0,1000.0,0.0,0,8.194201680672268
978,1,556.0,1000.0,0.0,0,8.202521008403362
979,1,552.0,1000.0,0.0,0,8.2109243697479
980,1,558.0,1000.0,0.0,0,8.219327731092438
981,1,556.0,1005.0,0.0,0,8.227731092436976
982,1,556.0,1005.0,0.0,0,8.236134453781514
983,1,556.0,1005.0,0.0,0,8.244537815126051
984,1,558.0,1008.0,0.0,0,8.25294117647059
985,1,558.0,1008.0,0.0,0,8.261344537815127
986,1,560.0,1008.0,0.0,0,8.269747899159665
987,1,560.0,1010.0,0.0,0,8.278151260504202
988,1,562.0,1010.0,0.0,0,8.28655462184874
989,1,562.0,1010.0,0.0,0,8.294957983193278
990,1,562.0,1013.0,0.0,0,8.303445378151261
991,1,564.0,1010.0,0.0,0,8.311764705882354
992,1,566.0,1013.0,0.0,0,8.320168067226891
993,1,566.0,1013.0,0.0,0,8.32857142857143
994,1,566.0,1016.0,0.0,0,8.336974789915967
995,1,568.0,1016.0,0.0,0,8.345378151260505
996,1,570.0,1016.0,0.0,0,8.353697478991597
997,1,570.0,1018.0,0.0,0,8.362100840336137
998,1,572.0,1018.0,0.0,0,8.370504201680673
999,1,574.0,1018.0,0.0,0,8.37890756302521
1000,1,574.0,1018.0,0.0,0,8.387226890756303
1001,1,576.0,1021.0,0.0,0,8.39563025210084
1002,1,580.0,1021.0,0.0,0,8.404033613445378
1003,1,580.0,1021.0,0.0,0,8.412436974789916
1004,1,580.0,1021.0,0.0,0,8.420840336134454
1005,1,582.0,1021.0,0.0,0,8.429243697478991
1006,1,584.0,1021.0,0.0,0,8.43764705882353
1007,1,586.0,1021.0,0.0,0,8.446050420168067
1008,1,588.0,1024.0,0.0,0,8.454453781512605
1009,1,588.0,1024.0,0.0,0,8.462857142857143
1010,1,590.0,1026.0,0.0,0,8.47126050420168
1011,1,596.0,1024.0,0.0,0,8.479579831932773
1012,1,596.0,1026.0,0.0,0,8.488067226890756
1013,1,600.0,1026.0,0.0,0,8.496386554621848
1014,1,602.0,1026.0,0.0,0,8.504789915966386
1015,1,604.0,1026.0,0.0,0,8.513193277310924
1016,1,606.0,1026.0,0.0,0,8.521596638655462
1017,1,608.0,1029.0,0.0,0,8.53
1018,1,610.0,1026.0,0.0,0,8.538403361344539
1019,1,612.0,1026.0,0.0,0,8.546806722689077
1020,1,612.0,1026.0,0.0,0,8.555210084033614
1021,1,614.0,1026.0,0.0,0,8.563613445378152
1022,1,618.0,1032.0,0.0,0,8.57201680672269
1023,1,620.0,1032.0,0.0,0,8.580336134453782
1024,1,620.0,1032.0,0.0,0,8.58873949579832
1025,1,624.0,1032.0,0.0,0,8.597142857142858
1026,1,624.0,1032.0,0.0,0,8.605546218487396
1027,1,626.0,1032.0,0.0,0,8.613949579831933
1028,1,628.0,1034.0,0.0,0,8.622352941176471
1029,1,630.0,1034.0,0.0,0,8.630756302521009
1030,1,632.0,1032.0,0.0,0,8.639159663865547
1031,1,636.0,1032.0,0.0,0,8.647563025210086
1032,1,638.0,1032.0,0.0,0,8.655966386554622
1033,1,640.0,1032.0,0.0,0,8.66436974789916
1034,1,644.0,1032.0,0.0,0,8.672689075630252
1035,1,646.0,1032.0,0.0,0,8.681176470588236
1036,1,650.0,1032.0,0.0,0,8.689495798319328
1037,1,652.0,1032.0,0.0,0,8.697899159663866
1038,1,654.0,1032.0,0.0,0,8.706302521008404
1039,1,658.0,1034.0,0.0,0,8.714705882352941
1040,1,660.0,1034.0,0.0,0,8.723109243697479
1041,1,662.0,1037.0,0.0,0,8.731512605042017
1042,1,666.0,1037.0,0.0,0,8.739915966386555
1043,1,670.0,1037.0,0.0,0,8.748319327731092
1044,1,672.0,1037.0,0.0,0,8.756638655462185
1045,1,674.0,1037.0,0.0,0,8.765042016806722
1046,1,676.0,1037.0,0.0,0,8.77344537815126
1047,1,680.0,1037.0,0.0,0,8.781848739495798
1048,1,682.0,1037.0,0.0,0,8.790252100840336
1049,1,684.0,1037.0,0.0,0,8.798655462184874
1050,1,688.0,1037.0,0.0,0,8.807058823529411
1051,1,692.0,1037.0,0.0,0,8.81546218487395
1052,1,696.0,1037.0,0.0,0,8.823865546218487
1053,1,698.0,1037.0,0.0,0,8.832268907563025
1054,1,700.0,1037.0,0.0,0,8.840672268907563
1055,1,704.0,1037.0,0.0,0,8.8490756302521
1056,1,708.0,1037.0,0.0,0,8.857478991596638
1057,1,708.0,1037.0,0.0,0,8.865798319327732
1058,1,712.0,1037.0,0.0,0,8.874285714285714
1059,1,714.0,1037.0,0.0,0,8.882605042016808
1060,1,716.0,1037.0,0.0,0,8.891008403361345
1061,1,720.0,1042.0,0.0,0,8.899411764705883
1062,1,724.0,1040.0,0.0,0,8.907815126050421
1063,1,726.0,1037.0,0.0,0,8.916218487394959
1064,1,730.0,1037.0,0.0,0,8.924621848739497
1065,1,734.0,1037.0,0.0,0,8.932941176470589
1066,1,736.0,1040.0,0.0,0,8.941344537815127
1067,0,0.0,0.0,0.0,0,8.949747899159664
1068,0,0.0,0.0,0.0,0,8.958151260504202
1069,0,0.0,0.0,0.0,0,8.96655462184874
1070,0,0.0,0.0,0.0,0,8.974957983193278
1071,0,0.0,0.0,0.0,0,8.983445378151261
1072,0,0.0,0.0,0.0,0,8.991764705882353
1073,0,0.0,0.0,0.0,0,9.000168067226891
1074,0,0.0,0.0,0.0,0,9.008571428571427
1075,0,0.0,0.0,0.0,0,9.016974789915968
1076,0,0.0,0.0,0.0,0,9.025378151260504
1077,0,0.0,0.0,0.0,0,9.033781512605042
1078,0,0.0,0.0,0.0,0,9.04218487394958
1079,0,0.0,0.0,0.0,0,9.050588235294118
1080,0,0.0,0.0,0.0,0,9.058991596638656
1081,0,0.0,0.0,0.0,0,9.067394957983192
1082,0,0.0,0.0,0.0,0,9.075798319327731
1083,0,0.0,0.0,0.0,0,9.084201680672267
1084,0,0.0,0.0,0.0,0,9.09252100840336
1085,0,0.0,0.0,0.0,0,9.1009243697479
1086,0,0.0,0.0,0.0,0,9.109327731092437
1087,0,0.0,0.0,0.0,0,9.117731092436976
1088,0,0.0,0.0,0.0,0,9.126134453781512
1089,0,0.0,0.0,0.0,0,9.13453781512605
1090,0,0.0,0.0,0.0,0,9.142941176470588
1091,0,0.0,0.0,0.0,0,9.151344537815126
1092,1,816.0,1042.0,0.0,0,9.159747899159663
1093,1,820.0,1042.0,0.0,0,9.168067226890756
1094,1,820.0,1048.0,0.0,0,9.176470588235292
1095,1,826.0,1045.0,0.0,0,9.184873949579831
1096,1,826.0,1045.0,0.0,0,9.19327731092437
1097,1,828.0,1040.0,0.0,0,9.201680672268909
1098,0,0.0,0.0,0.0,0,9.210084033613446
1099,0,0.0,0.0,0.0,0,9.21840336134454
1100,1,788.0,1024.0,0.0,0,9.226890756302522
1101,1,898.0,1042.0,0.0,0,9.23529411764706
1102,1,754.0,1021.0,0.0,0,9.243697478991596
1103,1,740.0,1010.0,0.0,0,9.25201680672269
1104,1,730.0,1010.0,0.0,0,9.260420168067228
1105,1,718.0,1002.0,0.0,0,9.268823529411764
1106,1,706.0,997.0,0.0,0,9.277226890756303
1107,1,900.0,1040.0,0.0,0,9.28563025210084
1108,1,688.0,989.0,0.0,0,9.29403361344538
1109,1,678.0,986.0,0.0,0,9.302436974789916
1110,1,674.0,984.0,0.0,0,9.310756302521009
1111,1,658.0,981.0,0.0,0,9.319159663865548
1112,1,650.0,976.0,0.0,0,9.327563025210084
1113,1,638.0,968.0,0.0,0,9.335966386554622
1114,1,624.0,965.0,0.0,0,9.34436974789916
1115,1,620.0,962.0,0.0,0,9.352773109243698
1116,1,608.0,957.0,0.0,0,9.361176470588235
1117,1,604.0,957.0,0.0,0,9.369579831932771
1118,1,600.0,952.0,0.0,0,9.377983193277313
1119,1,592.0,949.0,0.0,0,9.386302521008403
1120,1,586.0,944.0,0.0,0,9.39470588235294
1121,1,572.0,941.0,0.0,0,9.40310924369748
1122,1,570.0,938.0,0.0,0,9.411512605042017
1123,1,560.0,936.0,0.0,0,9.419915966386554
1124,1,550.0,930.0,0.0,0,9.428319327731092
1125,1,546.0,928.0,0.0,0,9.43672268907563
1126,1,540.0,925.0,0.0,0,9.445126050420168
1127,1,534.0,920.0,0.0,0,9.453529411764706
1128,1,524.0,914.0,0.0,0,9.461932773109243
1129,1,520.0,912.0,0.0,0,9.47033613445378
1130,1,516.0,909.0,0.0,0,9.47873949579832
1131,1,504.0,904.0,0.0,0,9.487058823529413
1132,1,500.0,901.0,0.0,0,9.49546218487395
1133,1,494.0,898.0,0.0,0,9.503865546218488
1134,1,486.0,893.0,0.0,0,9.512268907563026
1135,1,480.0,890.0,0.0,0,9.520672268907564
1136,1,474.0,888.0,0.0,0,9.529075630252102
1137,1,468.0,882.0,0.0,0,9.53747899159664
1138,1,464.0,880.0,0.0,0,9.545882352941176
1139,1,460.0,877.0,0.0,0,9.554285714285715
1140,1,454.0,877.0,0.0,0,9.562689075630251
1141,1,448.0,872.0,0.0,0,9.57109243697479
1142,1,444.0,866.0,0.0,0,9.579411764705885
1143,1,440.0,866.0,0.0,0,9.58781512605042
1144,1,432.0,861.0,0.0,0,9.59621848739496
1145,1,428.0,856.0,0.0,0,9.604621848739496
1146,1,424.0,856.0,0.0,0,9.613025210084034
1147,1,418.0,853.0,0.0,0,9.621428571428572
1148,1,412.0,848.0,0.0,0,9.62983193277311
1149,1,410.0,845.0,0.0,0,9.638235294117647
1150,1,406.0,840.0,0.0,0,9.646638655462183
1151,1,400.0,837.0,0.0,0,9.655042016806725
1152,1,396.0,834.0,0.0,0,9.663361344537815
1153,1,394.0,832.0,0.0,0,9.671764705882351
1154,1,388.0,829.0,0.0,0,9.68016806722689
1155,1,384.0,826.0,0.0,0,9.688571428571429
1156,1,382.0,824.0,0.0,0,9.696974789915966
1157,1,378.0,818.0,0.0,0,9.705378151260504
1158,1,374.0,818.0,0.0,0,9.713781512605042
1159,1,372.0,813.0,0.0,0,9.72218487394958
1160,1,366.0,813.0,0.0,0,9.730588235294118
1161,1,364.0,808.0,0.0,0,9.738991596638655
1162,1,362.0,805.0,0.0,0,9.747394957983191
1163,1,360.0,802.0,0.0,0,9.755714285714287
1164,1,356.0,797.0,0.0,0,9.764117647058823
1165,1,352.0,797.0,0.0,0,9.77252100840336
1166,1,348.0,792.0,0.0,0,9.780924369747895
1167,1,346.0,786.0,0.0,0,9.789327731092436
1168,1,346.0,786.0,0.0,0,9.797731092436974
1169,1,342.0,784.0,0.0,0,9.806134453781512
1170,1,338.0,781.0,0.0,0,9.81453781512605
1171,1,338.0,778.0,0.0,0,9.822941176470588
1172,1,336.0,776.0,0.0,0,9.831344537815127
1173,1,336.0,770.0,0.0,0,9.839747899159663
1174,1,332.0,765.0,0.0,0,9.848151260504205
1175,1,330.0,765.0,0.0,0,9.856470588235297
1176,1,328.0,760.0,0.0,0,9.864873949579833
1177,1,326.0,757.0,0.0,0,9.87327731092437
1178,1,324.0,754.0,0.0,0,9.881680672268908
1179,1,324.0,749.0,0.0,0,9.890084033613446
1180,1,320.0,749.0,0.0,0,9.898487394957984
1181,1,318.0,752.0,0.0,0,9.906890756302522
1182,1,318.0,749.0,0.0,0,9.91529411764706
1183,1,316.0,744.0,0.0,0,9.923697478991595
1184,1,316.0,741.0,0.0,0,9.932100840336137
1185,1,316.0,738.0,0.0,0,9.940420168067227
1186,1,314.0,733.0,0.0,0,9.948823529411763
1187,1,314.0,730.0,0.0,0,9.957226890756305
1188,1,314.0,728.0,0.0,0,9.96563025210084
1189,1,312.0,728.0,0.0,0,9.974033613445378
1190,1,312.0,722.0,0.0,0,9.982436974789916
1191,1,312.0,720.0,0.0,0,9.990840336134454
1192,1,310.0,717.0,0.0,0,9.999243697478992
1193,1,310.0,714.0,0.0,0,10.00764705882353
1194,1,310.0,712.0,0.0,0,10.016050420168067
1195,1,310.0,709.0,0.0,0,10.024453781512603
1196,1,308.0,704.0,0.0,0,10.032773109243696
1197,1,310.0,704.0,0.0,0,10.04126050420168
1198,1,310.0,706.0,0.0,0,10.049663865546218
1199,1,318.0,701.0,0.0,0,10.058067226890756
1200,1,306.0,701.0,0.0,0,10.066470588235294
1201,1,314.0,693.0,0.0,0,10.074789915966386
1202,1,316.0,688.0,0.0,0,10.083193277310924
1203,1,314.0,685.0,0.0,0,10.091596638655462
1204,1,314.0,682.0,0.0,0,10.1
1205,1,314.0,680.0,0.0,0,10.108403361344536
1206,1,316.0,680.0,0.0,0,10.116806722689075
1207,1,320.0,677.0,0.0,0,10.125210084033611
1208,1,328.0,674.0,0.0,0,10.13361344537815
1209,1,330.0,669.0,0.0,0,10.142016806722689
1210,1,330.0,666.0,0.0,0,10.150420168067226
1211,1,330.0,666.0,0.0,0,10.15873949579832
1212,1,334.0,664.0,0.0,0,10.167142857142858
1213,1,332.0,658.0,0.0,0,10.175546218487396
1214,1,334.0,658.0,0.0,0,10.183949579831934
1215,1,338.0,653.0,0.0,0,10.192352941176472
1216,1,342.0,650.0,0.0,0,10.20075630252101
1217,1,344.0,653.0,0.0,0,10.209159663865549
1218,1,346.0,650.0,0.0,0,10.21747899159664
1219,1,350.0,645.0,0.0,0,10.225882352941175
1220,1,352.0,642.0,0.0,0,10.234285714285717
1221,1,358.0,642.0,0.0,0,10.242689075630253
1222,1,364.0,640.0,0.0,0,10.25109243697479
1223,1,364.0,637.0,0.0,0,10.259495798319328
1224,1,368.0,637.0,0.0,0,10.267899159663866
1225,1,374.0,632.0,0.0,0,10.276302521008404
1226,1,376.0,629.0,0.0,0,10.284705882352942
1227,1,382.0,629.0,0.0,0,10.29310924369748
1228,1,384.0,626.0,0.0,0,10.301512605042015
1229,1,390.0,626.0,0.0,0,10.309915966386557
1230,1,396.0,624.0,0.0,0,10.318235294117647
1231,1,404.0,618.0,0.0,0,10.326638655462189
1232,1,412.0,616.0,0.0,0,10.335042016806725
1233,1,412.0,616.0,0.0,0,10.34344537815126
1234,1,418.0,616.0,0.0,0,10.351848739495797
1235,1,422.0,610.0,0.0,0,10.360252100840336
1236,1,430.0,608.0,0.0,0,10.368655462184874
1237,1,436.0,608.0,0.0,0,10.377058823529412
1238,1,440.0,605.0,0.0,0,10.38546218487395
1239,1,450.0,605.0,0.0,0,10.393781512605042
1240,1,456.0,605.0,0.0,0,10.40218487394958
1241,1,464.0,597.0,0.0,0,10.410588235294115
1242,1,474.0,600.0,0.0,0,10.418991596638657
1243,1,476.0,597.0,0.0,0,10.427394957983193
1244,1,478.0,594.0,0.0,0,10.43579831932773
1245,1,488.0,592.0,0.0,0,10.444201680672268
1246,1,498.0,589.0,0.0,0,10.452605042016806
1247,1,506.0,589.0,0.0,0,10.461008403361344
1248,1,516.0,586.0,0.0,0,10.469411764705884
1249,1,524.0,589.0,0.0,0,10.47781512605042
1250,1,532.0,589.0,0.0,0,10.48621848739496
1251,1,544.0,581.0,0.0,0,10.494621848739497
1252,1,554.0,581.0,0.0,0,10.503025210084036
1253,1,560.0,581.0,0.0,0,10.511428571428572
1254,1,566.0,578.0,0.0,0,10.51983193277311
1255,1,570.0,578.0,0.0,0,10.528151260504202
1256,1,584.0,576.0,0.0,0,10.53655462184874
1257,1,592.0,576.0,0.0,0,10.544957983193278
1258,1,602.0,570.0,0.0,0,10.553361344537816
1259,1,610.0,570.0,0.0,0,10.561764705882354
1260,1,616.0,573.0,0.0,0,10.570168067226891
1261,1,632.0,570.0,0.0,0,10.57857142857143
1262,1,644.0,570.0,0.0,0,10.586974789915969
1263,1,660.0,570.0,0.0,0,10.595378151260505
1264,1,664.0,570.0,0.0,0,10.603781512605044
1265,1,672.0,570.0,0.0,0,10.612100840336137
1266,1,684.0,565.0,0.0,0,10.620504201680673
1267,1,698.0,565.0,0.0,0,10.62890756302521
1268,1,708.0,560.0,0.0,0,10.637310924369746
1269,1,716.0,562.0,0.0,0,10.645714285714286
1270,1,726.0,562.0,0.0,0,10.654117647058824
1271,1,742.0,557.0,0.0,0,10.66252100840336
1272,1,758.0,560.0,0.0,0,10.670840336134454
1273,1,764.0,560.0,0.0,0,10.679327731092435
1274,1,778.0,557.0,0.0,0,10.68764705882353
1275,1,778.0,560.0,0.0,0,10.696050420168069
1276,1,788.0,560.0,0.0,0,10.704453781512605
1277,1,826.0,560.0,0.0,0,10.712857142857144
1278,1,830.0,554.0,0.0,0,10.72126050420168
1279,1,834.0,560.0,0.0,0,10.729747899159664
1280,1,846.0,560.0,0.0,0,10.738067226890756
1281,1,856.0,554.0,0.0,0,10.746470588235294
1282,1,868.0,557.0,0.0,0,10.754873949579832
1283,1,886.0,554.0,0.0,0,10.76327731092437
1284,1,900.0,557.0,0.0,0,10.771680672268907
1285,1,906.0,557.0,0.0,0,10.78
1286,1,920.0,560.0,0.0,0,10.78840336134454
1287,1,946.0,557.0,0.0,0,10.796806722689077
1288,1,948.0,554.0,0.0,0,10.805210084033614
1289,1,956.0,554.0,0.0,0,10.813613445378152
1290,1,966.0,557.0,0.0,0,10.82201680672269
1291,1,982.0,554.0,0.0,0,10.830420168067228
1292,1,998.0,557.0,0.0,0,10.838823529411766
1293,1,1008.0,557.0,0.0,0,10.847226890756303
1294,1,1016.0,557.0,0.0,0,10.85563025210084
1295,1,1024.0,557.0,0.0,0,10.863949579831932
1296,1,1034.0,560.0,0.0,0,10.872352941176471
1297,1,1068.0,557.0,0.0,0,10.880756302521007
1298,1,1070.0,554.0,0.0,0,10.889159663865549
1299,1,1076.0,557.0,0.0,0,10.897563025210086
1300,1,1086.0,560.0,0.0,0,10.905966386554622
1301,1,1112.0,560.0,0.0,0,10.91436974789916
1302,1,1114.0,562.0,0.0,0,10.922773109243696
1303,1,1128.0,560.0,0.0,0,10.931176470588236
1304,1,1144.0,562.0,0.0,0,10.939579831932774
1305,1,1146.0,562.0,0.0,0,10.947899159663866
1306,1,1152.0,565.0,0.0,0,10.956302521008404
1307,1,1184.0,565.0,0.0,0,10.96470588235294
1308,1,1186.0,565.0,0.0,0,10.97310924369748
1309,1,1196.0,568.0,0.0,0,10.981512605042017
1310,1,1206.0,568.0,0.0,0,10.989915966386556
1311,1,1220.0,570.0,0.0,0,10.998319327731092
1312,1,1232.0,568.0,0.0,0,11.00672268907563
1313,1,1238.0,568.0,0.0,0,11.015126050420168
1314,1,1248.0,573.0,0.0,0,11.023529411764706
1315,1,1258.0,573.0,0.0,0,11.031932773109244
1316,1,1266.0,576.0,0.0,0,11.040252100840336
1317,1,1280.0,573.0,0.0,0,11.04873949579832
1318,1,1294.0,576.0,0.0,0,11.057058823529411
1319,1,1304.0,576.0,0.0,0,11.06546218487395
1320,1,1312.0,581.0,0.0,0,11.073865546218489
1321,1,1326.0,581.0,0.0,0,11.08235294117647
1322,1,1330.0,581.0,0.0,0,11.090672268907564
1323,1,1334.0,581.0,0.0,0,11.0990756302521
1324,1,1338.0,581.0,0.0,0,11.107478991596638
1325,0,0.0,0.0,0.0,0,11.115882352941178
1326,0,0.0,0.0,0.0,0,11.124285714285715
1327,1,1134.0,690.0,0.0,0,11.132605042016808
1328,0,0.0,0.0,0.0,0,11.141008403361344
1329,1,1120.0,693.0,0.0,0,11.149411764705883
1330,1,1114.0,698.0,0.0,0,11.15781512605042
1331,1,1020.0,738.0,0.0,0,11.16621848739496
1332,1,1014.0,741.0,0.0,0,11.174621848739497
1333,1,928.0,776.0,0.0,0,11.183025210084036
1334,1,932.0,778.0,0.0,0,11.191428571428572
1335,1,884.0,797.0,0.0,0,11.19983193277311
1336,1,828.0,824.0,0.0,0,11.208235294117646
1337,1,804.0,832.0,0.0,0,11.216638655462186
1338,1,798.0,837.0,0.0,0,11.225042016806723
1339,1,772.0,845.0,0.0,0,11.23344537815126
1340,1,762.0,853.0,0.0,0,11.241764705882352
1341,1,744.0,858.0,0.0,0,11.250168067226893
1342,1,734.0,866.0,0.0,0,11.258571428571427
1343,1,696.0,880.0,0.0,0,11.266974789915968
1344,1,686.0,885.0,0.0,0,11.275378151260504
1345,1,678.0,888.0,0.0,0,11.283781512605042
1346,1,666.0,893.0,0.0,0,11.29218487394958
1347,1,666.0,893.0,0.0,0,11.300588235294118
1348,1,646.0,904.0,0.0,0,11.308991596638656
1349,1,642.0,909.0,0.0,0,11.317394957983192
1350,1,634.0,912.0,0.0,0,11.325798319327731
1351,1,622.0,912.0,0.0,0,11.334117647058823
1352,1,612.0,920.0,0.0,0,11.34252100840336
1353,1,608.0,922.0,0.0,0,11.3509243697479
1354,1,598.0,928.0,0.0,0,11.359327731092437
1355,1,594.0,930.0,0.0,0,11.367731092436976
1356,1,584.0,933.0,0.0,0,11.376134453781512
1357,1,580.0,936.0,0.0,0,11.38453781512605
1358,1,574.0,941.0,0.0,0,11.392941176470588
1359,1,570.0,941.0,0.0,0,11.401344537815126
1360,1,568.0,941.0,0.0,0,11.409663865546218
1361,1,564.0,946.0,0.0,0,11.4181512605042
1362,1,556.0,949.0,0.0,0,11.426470588235295
1363,1,554.0,952.0,0.0,0,11.434873949579831
1364,1,550.0,952.0,0.0,0,11.443361344537816
1365,1,546.0,957.0,0.0,0,11.451680672268909
1366,1,544.0,957.0,0.0,0,11.460084033613446
1367,1,540.0,960.0,0.0,0,11.468487394957986
1368,1,536.0,962.0,0.0,0,11.476890756302522
1369,1,536.0,962.0,0.0,0,11.48529411764706
1370,1,532.0,968.0,0.0,0,11.493697478991596
1371,1,528.0,968.0,0.0,0,11.50201680672269
1372,1,526.0,970.0,0.0,0,11.510420168067228
1373,1,524.0,970.0,0.0,0,11.518823529411764
1374,1,524.0,973.0,0.0,0,11.527226890756303
1375,1,522.0,976.0,0.0,0,11.53563025210084
1376,1,520.0,976.0,0.0,0,11.54403361344538
1377,1,518.0,978.0,0.0,0,11.552436974789916
1378,1,516.0,978.0,0.0,0,11.560840336134454
1379,1,514.0,978.0,0.0,0,11.569243697478992
1380,1,514.0,978.0,0.0,0,11.57764705882353
1381,1,514.0,984.0,0.0,0,11.585966386554622
1382,1,512.0,986.0,0.0,0,11.594453781512604
1383,1,510.0,986.0,0.0,0,11.602857142857143
1384,1,510.0,986.0,0.0,0,11.61126050420168
1385,1,508.0,989.0,0.0,0,11.61966386554622
1386,1,508.0,992.0,0.0,0,11.628067226890757
1387,1,506.0,992.0,0.0,0,11.636470588235294
1388,1,506.0,992.0,0.0,0,11.644789915966388
1389,1,504.0,994.0,0.0,0,11.65327731092437
1390,1,504.0,994.0,0.0,0,11.661596638655462
1391,1,504.0,994.0,0.0,0,11.670084033613444
1392,1,906.0,1029.0,0.0,0,11.678403361344538
1393,1,504.0,997.0,0.0,0,11.686806722689075
1394,1,906.0,1029.0,0.0,0,11.695126050420168
1395,1,906.0,1029.0,0.0,0,11.703529411764706
1396,1,906.0,1032.0,0.0,0,11.711932773109243
1397,1,906.0,1032.0,0.0,0,11.72033613445378
1398,1,904.0,1032.0,0.0,0,11.72873949579832
1399,1,902.0,1034.0,0.0,0,11.737142857142857
1400,1,506.0,1005.0,0.0,0,11.745546218487394
1401,1,910.0,1032.0,0.0,0,11.753949579831932
1402,1,910.0,1029.0,0.0,0,11.762352941176472
1403,1,910.0,1024.0,0.0,0,11.77075630252101
1404,1,908.0,1024.0,0.0,0,11.779075630252102
1405,1,908.0,1024.0,0.0,0,11.78747899159664
1406,1,908.0,1026.0,0.0,0,11.795882352941176
1407,1,908.0,1029.0,0.0,0,11.804285714285715
1408,1,510.0,1010.0,0.0,0,11.812689075630251
1409,1,510.0,1013.0,0.0,0,11.82109243697479
1410,1,510.0,1016.0,0.0,0,11.829495798319329
1411,1,510.0,1013.0,0.0,0,11.837899159663866
1412,1,512.0,1013.0,0.0,0,11.846302521008404
1413,1,514.0,1016.0,0.0,0,11.854705882352942
1414,1,514.0,1016.0,0.0,0,11.863025210084034
1415,1,514.0,1016.0,0.0,0,11.871428571428572
1416,1,516.0,1018.0,0.0,0,11.87983193277311
1417,1,516.0,1018.0,0.0,0,11.888235294117647
1418,1,518.0,1018.0,0.0,0,11.896638655462183
1419,1,518.0,1018.0,0.0,0,11.905042016806725
1420,1,518.0,1021.0,0.0,0,11.91344537815126
1421,1,522.0,1021.0,0.0,0,11.9218487394958
1422,1,522.0,1021.0,0.0,0,11.930252100840336
1423,1,524.0,1021.0,0.0,0,11.938655462184874
1424,1,524.0,1021.0,0.0,0,11.947058823529412
1425,1,526.0,1021.0,0.0,0,11.955378151260504
1426,1,528.0,1021.0,0.0,0,11.963781512605042
1427,1,528.0,1024.0,0.0,0,11.97218487394958
1428,1,530.0,1026.0,0.0,0,11.980588235294118
1429,1,532.0,1026.0,0.0,0,11.988991596638655
1430,1,532.0,1026.0,0.0,0,11.997394957983191
1431,1,538.0,1026.0,0.0,0,12.005798319327733
1432,1,540.0,1026.0,0.0,0,12.014201680672269
1433,1,542.0,1026.0,0.0,0,12.022605042016806
1434,1,544.0,1026.0,0.0,0,12.031008403361344
1435,1,544.0,1026.0,0.0,0,12.039327731092436
1436,1,546.0,1029.0,0.0,0,12.04781512605042
1437,1,548.0,1029.0,0.0,0,12.056134453781512
1438,1,548.0,1032.0,0.0,0,12.064537815126052
1439,1,550.0,1032.0,0.0,0,12.07294117647059
1440,1,550.0,1032.0,0.0,0,12.081344537815127
1441,1,556.0,1032.0,0.0,0,12.089831932773109
1442,1,560.0,1032.0,0.0,0,12.098151260504205
1443,1,560.0,1032.0,0.0,0,12.10655462184874
1444,1,562.0,1032.0,0.0,0,12.114957983193278
1445,1,562.0,1032.0,0.0,0,12.123361344537816
1446,1,566.0,1032.0,0.0,0,12.131764705882354
1447,1,566.0,1032.0,0.0,0,12.140168067226892
1448,1,570.0,1032.0,0.0,0,12.14857142857143
1449,1,570.0,1032.0,0.0,0,12.156974789915967
1450,1,572.0,1032.0,0.0,0,12.16529411764706
1451,1,576.0,1034.0,0.0,0,12.173697478991595
1452,1,578.0,1034.0,0.0,0,12.18218487394958
1453,1,582.0,1032.0,0.0,0,12.190504201680673
1454,1,582.0,1037.0,0.0,0,12.19890756302521
1455,1,586.0,1037.0,0.0,0,12.207310924369748
1456,1,588.0,1037.0,0.0,0,12.215714285714286
1457,1,590.0,1037.0,0.0,0,12.224117647058824
1458,1,592.0,1037.0,0.0,0,12.232436974789916
1459,1,594.0,1037.0,0.0,0,12.240840336134454
1460,1,596.0,1037.0,0.0,0,12.249243697478992
1461,1,600.0,1037.0,0.0,0,12.25764705882353
1462,1,604.0,1037.0,0.0,0,12.266050420168067
1463,1,606.0,1037.0,0.0,0,12.274453781512603
1464,1,608.0,1037.0,0.0,0,12.282857142857145
1465,1,612.0,1037.0,0.0,0,12.29126050420168
1466,1,612.0,1037.0,0.0,0,12.299663865546218
1467,1,614.0,1037.0,0.0,0,12.308067226890756
1468,1,616.0,1037.0,0.0,0,12.316470588235294
1469,1,618.0,1037.0,0.0,0,12.324789915966386
1470,1,620.0,1037.0,0.0,0,12.333193277310924
1471,1,624.0,1040.0,0.0,0,12.341596638655462
1472,1,626.0,1037.0,0.0,0,12.35
1473,1,630.0,1040.0,0.0,0,12.358403361344536
1474,1,634.0,1042.0,0.0,0,12.366806722689075
1475,1,638.0,1042.0,0.0,0,12.375210084033611
1476,1,640.0,1042.0,0.0,0,12.38361344537815
1477,1,642.0,1042.0,0.0,0,12.392016806722689
1478,1,644.0,1042.0,0.0,0,12.400420168067226
1479,1,648.0,1045.0,0.0,0,12.408823529411766
1480,1,648.0,1042.0,0.0,0,12.417142857142858
1481,1,656.0,1042.0,0.0,0,12.425546218487396
1482,1,660.0,1042.0,0.0,0,12.433949579831934
1483,1,662.0,1042.0,0.0,0,12.442352941176472
1484,1,664.0,1042.0,0.0,0,12.45075630252101
1485,1,666.0,1042.0,0.0,0,12.459159663865549
1486,1,670.0,1042.0,0.0,0,12.467563025210085
1487,1,672.0,1042.0,0.0,0,12.475966386554624
1488,1,676.0,1042.0,0.0,0,12.48436974789916
1489,1,678.0,1042.0,0.0,0,12.492773109243698
1490,1,678.0,1042.0,0.0,0,12.501176470588236
1491,1,684.0,1042.0,0.0,0,12.509495798319328
1492,1,688.0,1042.0,0.0,0,12.517899159663866
1493,1,688.0,1042.0,0.0,0,12.526302521008404
1494,1,690.0,1045.0,0.0,0,12.534705882352942
1495,1,692.0,1042.0,0.0,0,12.54310924369748
1496,1,698.0,1042.0,0.0,0,12.551512605042015
1497,1,700.0,1045.0,0.0,0,12.559915966386557
1498,1,702.0,1042.0,0.0,0,12.568319327731093
1499,1,704.0,1042.0,0.0,0,12.57672268907563
1500,1,710.0,1042.0,0.0,0,12.585126050420168
1501,0,0.0,0.0,0.0,0,12.59344537815126
1502,0,0.0,0.0,0.0,0,12.601848739495797
1503,0,0.0,0.0,0.0,0,12.610252100840336
1504,0,0.0,0.0,0.0,0,12.618655462184874
1505,1,882.0,1048.0,0.0,0,12.627058823529412
1506,1,884.0,1048.0,0.0,0,12.63546218487395
1507,1,882.0,1048.0,0.0,0,12.643865546218487
1508,0,0.0,0.0,0.0,0,12.652268907563023
1509,0,0.0,0.0,0.0,0,12.660672268907565
1510,0,0.0,0.0,0.0,0,12.6690756302521
1511,0,0.0,0.0,0.0,0,12.677478991596638
1512,0,0.0,0.0,0.0,0,12.685882352941176
1513,0,0.0,0.0,0.0,0,12.694285714285714
1514,0,0.0,0.0,0.0,0,12.702605042016808
1515,0,0.0,0.0,0.0,0,12.711008403361346
1516,0,0.0,0.0,0.0,0,12.719411764705884
1517,0,0.0,0.0,0.0,0,12.72781512605042
1518,0,0.0,0.0,0.0,0,12.73621848739496
1519,0,0.0,0.0,0.0,0,12.744621848739497
1520,0,0.0,0.0,0.0,0,12.753025210084036
1521,0,0.0,0.0,0.0,0,12.761428571428572
1522,0,0.0,0.0,0.0,0,12.76983193277311
1523,0,0.0,0.0,0.0,0,12.778235294117648
1524,1,790.0,1048.0,0.0,0,12.78655462184874
1525,1,790.0,1048.0,0.0,0,12.794957983193278
1526,1,796.0,1048.0,0.0,0,12.803361344537816
1527,1,798.0,1048.0,0.0,0,12.811764705882354
1528,1,798.0,1048.0,0.0,0,12.820168067226891
1529,0,0.0,0.0,0.0,0,12.82857142857143
1530,1,818.0,1053.0,0.0,0,12.836974789915969
1531,0,0.0,0.0,0.0,0,12.845378151260505
1532,0,0.0,0.0,0.0,0,12.853781512605044
1533,0,0.0,0.0,0.0,0,12.862100840336137
1534,1,764.0,1034.0,0.0,0,12.870504201680673
1535,1,760.0,1032.0,0.0,0,12.87890756302521
1536,1,756.0,1032.0,0.0,0,12.887310924369746
1537,1,748.0,1029.0,0.0,0,12.895714285714286
1538,0,0.0,0.0,0.0,0,12.904117647058824
1539,0,0.0,0.0,0.0,0,12.91252100840336
1540,0,0.0,0.0,0.0,0,12.9209243697479
1541,1,706.0,1008.0,0.0,0,12.929327731092435
1542,1,700.0,1005.0,0.0,0,12.937731092436977
1543,1,690.0,1000.0,0.0,0,12.946134453781513
1544,1,680.0,994.0,0.0,0,12.95453781512605
1545,1,676.0,992.0,0.0,0,12.962857142857144
1546,1,670.0,989.0,0.0,0,12.97126050420168
1547,1,662.0,984.0,0.0,0,12.979663865546218
1548,1,660.0,984.0,0.0,0,12.988067226890756
1549,1,654.0,981.0,0.0,0,12.996470588235294
1550,1,648.0,978.0,0.0,0,13.004873949579832
1551,1,636.0,970.0,0.0,0,13.01327731092437
1552,1,630.0,968.0,0.0,0,13.021680672268907
1553,1,626.0,965.0,0.0,0,13.030084033613443
1554,1,618.0,960.0,0.0,0,13.038487394957984
1555,1,612.0,957.0,0.0,0,13.04689075630252
1556,1,604.0,952.0,0.0,0,13.05529411764706
1557,1,598.0,949.0,0.0,0,13.063697478991598
1558,1,596.0,946.0,0.0,0,13.07201680672269
1559,1,590.0,944.0,0.0,0,13.080420168067228
1560,1,584.0,941.0,0.0,0,13.088823529411766
1561,1,576.0,936.0,0.0,0,13.097226890756303
1562,1,574.0,936.0,0.0,0,13.10563025210084
1563,1,568.0,930.0,0.0,0,13.11403361344538
1564,1,562.0,928.0,0.0,0,13.122436974789917
1565,1,558.0,922.0,0.0,0,13.130840336134456
1566,1,552.0,920.0,0.0,0,13.139243697478992
1567,1,544.0,917.0,0.0,0,13.14764705882353
1568,1,542.0,914.0,0.0,0,13.155966386554622
1569,1,538.0,912.0,0.0,0,13.16436974789916
1570,1,534.0,909.0,0.0,0,13.172773109243696
1571,1,528.0,904.0,0.0,0,13.18126050420168
1572,1,524.0,901.0,0.0,0,13.18966386554622
1573,1,520.0,898.0,0.0,0,13.197983193277311
1574,1,516.0,896.0,0.0,0,13.206386554621847
1575,1,512.0,893.0,0.0,0,13.214789915966389
1576,1,506.0,888.0,0.0,0,13.223193277310925
1577,1,502.0,882.0,0.0,0,13.231596638655462
1578,1,502.0,882.0,0.0,0,13.239915966386556
1579,1,496.0,877.0,0.0,0,13.248319327731092
1580,1,492.0,877.0,0.0,0,13.25672268907563
1581,1,490.0,872.0,0.0,0,13.265126050420168
1582,1,486.0,869.0,0.0,0,13.273529411764706
1583,1,482.0,866.0,0.0,0,13.281932773109244
1584,1,480.0,864.0,0.0,0,13.29033613445378
1585,1,476.0,861.0,0.0,0,13.29873949579832
1586,1,472.0,856.0,0.0,0,13.307142857142855
1587,1,470.0,853.0,0.0,0,13.315546218487397
1588,1,468.0,850.0,0.0,0,13.323949579831933
1589,1,464.0,845.0,0.0,0,13.332268907563025
1590,1,462.0,842.0,0.0,0,13.340672268907564
1591,1,462.0,840.0,0.0,0,13.349075630252102
1592,1,458.0,840.0,0.0,0,13.35747899159664
1593,1,458.0,834.0,0.0,0,13.365882352941178
1594,1,452.0,834.0,0.0,0,13.374285714285715
1595,1,450.0,829.0,0.0,0,13.382689075630251
1596,1,448.0,824.0,0.0,0,13.391092436974793
1597,1,448.0,821.0,0.0,0,13.399495798319329
1598,1,446.0,818.0,0.0,0,13.407899159663868
1599,1,442.0,816.0,0.0,0,13.41621848739496
1600,1,438.0,813.0,0.0,0,13.424621848739497
1601,1,438.0,810.0,0.0,0,13.433025210084036
1602,1,436.0,810.0,0.0,0,13.441428571428572
1603,1,436.0,802.0,0.0,0,13.44983193277311
1604,1,434.0,800.0,0.0,0,13.458235294117646
1605,1,434.0,797.0,0.0,0,13.466638655462186
1606,1,430.0,794.0,0.0,0,13.475042016806723
1607,1,430.0,792.0,0.0,0,13.48344537815126
1608,1,430.0,789.0,0.0,0,13.4918487394958
1609,1,430.0,786.0,0.0,0,13.500252100840337
1610,1,428.0,781.0,0.0,0,13.508655462184874
1611,1,426.0,781.0,0.0,0,13.516974789915968
1612,1,426.0,778.0,0.0,0,13.525378151260504
1613,1,426.0,773.0,0.0,0,13.533781512605042
1614,1,426.0,770.0,0.0,0,13.542268907563026
1615,1,428.0,762.0,0.0,0,13.550672268907563
1616,1,426.0,762.0,0.0,0,13.558991596638656
1617,1,424.0,760.0,0.0,0,13.567394957983192
1618,1,426.0,757.0,0.0,0,13.575798319327731
1619,1,428.0,752.0,0.0,0,13.584201680672267
1620,1,426.0,746.0,0.0,0,13.592605042016809
1621,1,428.0,752.0,0.0,0,13.601008403361345
1622,1,428.0,746.0,0.0,0,13.609411764705882
1623,1,430.0,746.0,0.0,0,13.61781512605042
1624,1,430.0,744.0,0.0,0,13.626218487394958
1625,1,916.0,1037.0,0.0,0,13.634621848739496
1626,1,430.0,733.0,0.0,0,13.643025210084032
1627,1,434.0,730.0,0.0,0,13.651344537815126
1628,1,436.0,730.0,0.0,0,13.659747899159663
1629,1,438.0,728.0,0.0,0,13.6681512605042
1630,1,440.0,722.0,0.0,0,13.67655462184874
1631,1,442.0,722.0,0.0,0,13.684957983193277
1632,1,444.0,714.0,0.0,0,13.69327731092437
1633,1,442.0,714.0,0.0,0,13.701764705882354
1634,1,446.0,712.0,0.0,0,13.710084033613446
1635,1,454.0,698.0,0.0,0,13.718487394957986
1636,1,454.0,704.0,0.0,0,13.726890756302522
1637,1,456.0,704.0,0.0,0,13.73529411764706
1638,1,460.0,698.0,0.0,0,13.743697478991596
1639,1,460.0,696.0,0.0,0,13.752100840336135
1640,1,466.0,693.0,0.0,0,13.760504201680671
1641,1,470.0,688.0,0.0,0,13.768907563025213
1642,1,476.0,688.0,0.0,0,13.777310924369749
1643,1,476.0,685.0,0.0,0,13.785714285714286
1644,1,480.0,685.0,0.0,0,13.79403361344538
1645,1,490.0,680.0,0.0,0,13.802436974789916
1646,1,488.0,677.0,0.0,0,13.810840336134454
1647,1,494.0,677.0,0.0,0,13.819243697478992
1648,1,498.0,674.0,0.0,0,13.82764705882353
1649,1,506.0,669.0,0.0,0,13.836050420168068
1650,1,512.0,666.0,0.0,0,13.844537815126053
1651,1,514.0,661.0,0.0,0,13.852857142857143
1652,1,522.0,661.0,0.0,0,13.86126050420168
1653,1,524.0,661.0,0.0,0,13.86966386554622
1654,1,528.0,658.0,0.0,0,13.877983193277313
1655,1,534.0,653.0,0.0,0,13.886386554621849
1656,1,544.0,648.0,0.0,0,13.894789915966388
1657,1,550.0,648.0,0.0,0,13.903193277310924
1658,1,558.0,645.0,0.0,0,13.911596638655462
1659,1,564.0,645.0,0.0,0,13.92
1660,1,570.0,642.0,0.0,0,13.928403361344538
1661,1,578.0,637.0,0.0,0,13.936806722689075
1662,1,584.0,637.0,0.0,0,13.945210084033612
1663,1,594.0,637.0,0.0,0,13.953613445378153
1664,1,598.0,634.0,0.0,0,13.961932773109243
1665,1,604.0,629.0,0.0,0,13.97033613445378
1666,1,616.0,626.0,0.0,0,13.97873949579832
1667,1,626.0,624.0,0.0,0,13.987142857142857
1668,1,636.0,621.0,0.0,0,13.995546218487396
1669,1,642.0,624.0,0.0,0,14.003949579831936
1670,1,654.0,626.0,0.0,0,14.012352941176472
1671,1,658.0,616.0,0.0,0,14.02075630252101
1672,1,672.0,616.0,0.0,0,14.029159663865546
1673,1,916.0,1037.0,0.0,0,14.037563025210083
1674,1,688.0,610.0,0.0,0,14.045966386554625
1675,1,688.0,610.0,0.0,0,14.05436974789916
1676,1,702.0,605.0,0.0,0,14.062773109243698
1677,1,718.0,605.0,0.0,0,14.07109243697479
1678,1,732.0,602.0,0.0,0,14.079495798319329
1679,1,738.0,602.0,0.0,0,14.087899159663866
1680,1,752.0,602.0,0.0,0,14.096302521008404
1681,1,760.0,594.0,0.0,0,14.104705882352942
1682,1,772.0,594.0,0.0,0,14.11310924369748
1683,1,770.0,597.0,0.0,0,14.121512605042016
1684,1,792.0,594.0,0.0,0,14.129915966386555
1685,1,798.0,594.0,0.0,0,14.138319327731091
1686,1,806.0,594.0,0.0,0,14.14672268907563
1687,1,840.0,589.0,0.0,0,14.155042016806725
1688,1,844.0,586.0,0.0,0,14.16344537815126
1689,1,850.0,589.0,0.0,0,14.1718487394958
1690,1,864.0,586.0,0.0,0,14.180252100840336
1691,1,874.0,581.0,0.0,0,14.188655462184874
1692,1,892.0,584.0,0.0,0,14.197058823529412
1693,1,906.0,584.0,0.0,0,14.20546218487395
1694,1,916.0,584.0,0.0,0,14.213865546218488
1695,1,918.0,584.0,0.0,0,14.222268907563024
1696,1,924.0,584.0,0.0,0,14.230672268907565
1697,1,930.0,584.0,0.0,0,14.2390756302521
1698,1,974.0,578.0,0.0,0,14.247394957983191
1699,1,978.0,578.0,0.0,0,14.255798319327733
1700,1,990.0,578.0,0.0,0,14.264285714285714
1701,1,998.0,576.0,0.0,0,14.272689075630252
1702,1,1008.0,578.0,0.0,0,14.281008403361344
1703,1,1012.0,573.0,0.0,0,14.289411764705882
1704,1,1046.0,576.0,0.0,0,14.29781512605042
1705,1,1044.0,576.0,0.0,0,14.306218487394958
1706,1,1054.0,578.0,0.0,0,14.314621848739495
1707,1,1094.0,573.0,0.0,0,14.323025210084031
1708,1,1096.0,570.0,0.0,0,14.331428571428573
1709,1,1106.0,573.0,0.0,0,14.339747899159663
1710,1,1118.0,573.0,0.0,0,14.348151260504205
1711,1,1132.0,570.0,0.0,0,14.356638655462186
1712,1,1134.0,573.0,0.0,0,14.365042016806724
1713,1,1142.0,573.0,0.0,0,14.373361344537816
1714,1,1170.0,576.0,0.0,0,14.381764705882354
1715,1,1172.0,573.0,0.0,0,14.390168067226892
1716,1,1182.0,576.0,0.0,0,14.39857142857143
1717,1,1186.0,578.0,0.0,0,14.406974789915967
1718,1,1218.0,576.0,0.0,0,14.415378151260503
1719,1,1228.0,576.0,0.0,0,14.423697478991595
1720,1,1240.0,576.0,0.0,0,14.432100840336137
1721,1,1248.0,573.0,0.0,0,14.440504201680673
1722,1,1266.0,576.0,0.0,0,14.44890756302521
1723,1,1278.0,578.0,0.0,0,14.457310924369748
1724,1,1292.0,578.0,0.0,0,14.465714285714286
1725,1,1292.0,578.0,0.0,0,14.474117647058824
1726,1,1300.0,581.0,0.0,0,14.482521008403362
1727,1,1336.0,581.0,0.0,0,14.4909243697479
1728,1,1340.0,581.0,0.0,0,14.499327731092436
1729,1,1348.0,581.0,0.0,0,14.50764705882353
1730,1,1356.0,581.0,0.0,0,14.516134453781511
1731,1,1364.0,584.0,0.0,0,14.52453781512605
1732,1,1376.0,584.0,0.0,0,14.532941176470588
1733,1,1386.0,584.0,0.0,0,14.541344537815126
1734,1,1392.0,589.0,0.0,0,14.549747899159664
1735,1,1402.0,589.0,0.0,0,14.558067226890756
1736,1,1410.0,592.0,0.0,0,14.566470588235294
1737,1,1436.0,592.0,0.0,0,14.574873949579832
1738,1,1442.0,589.0,0.0,0,14.58327731092437
1739,1,1446.0,592.0,0.0,0,14.591680672268907
1740,1,1456.0,597.0,0.0,0,14.600084033613443
1741,1,1472.0,594.0,0.0,0,14.608403361344536
1742,1,1480.0,597.0,0.0,0,14.616806722689075
1743,1,1484.0,594.0,0.0,0,14.625210084033611
1744,1,1494.0,600.0,0.0,0,14.63361344537815
1745,1,1500.0,600.0,0.0,0,14.64201680672269
1746,1,1510.0,602.0,0.0,0,14.650420168067228
1747,1,1520.0,602.0,0.0,0,14.658823529411766
1748,1,1530.0,605.0,0.0,0,14.667226890756304
1749,1,1538.0,602.0,0.0,0,14.67563025210084
1750,1,1546.0,608.0,0.0,0,14.68403361344538
1751,1,1556.0,605.0,0.0,0,14.692352941176472
1752,1,1560.0,608.0,0.0,0,14.70075630252101
1753,1,1568.0,610.0,0.0,0,14.709159663865549
1754,1,1574.0,610.0,0.0,0,14.717563025210085
1755,1,1582.0,610.0,0.0,0,14.725966386554624
1756,1,1592.0,613.0,0.0,0,14.73436974789916
1757,1,1598.0,616.0,0.0,0,14.742773109243698
1758,1,1604.0,616.0,0.0,0,14.751176470588236
1759,1,1612.0,616.0,0.0,0,14.759579831932774
1760,1,1618.0,621.0,0.0,0,14.767983193277312
1761,1,1626.0,618.0,0.0,0,14.77638655462185
1762,1,1630.0,621.0,0.0,0,14.784705882352942
1763,1,1636.0,621.0,0.0,0,14.793193277310923
1764,1,1642.0,621.0,0.0,0,14.801680672268908
1765,1,1648.0,624.0,0.0,0,14.810084033613446
1766,1,1652.0,624.0,0.0,0,14.818403361344538
1767,1,1664.0,626.0,0.0,0,14.826806722689076
1768,1,1666.0,626.0,0.0,0,14.835210084033614
1769,1,1674.0,632.0,0.0,0,14.843529411764706
1770,1,1682.0,632.0,0.0,0,14.85201680672269
1771,1,1686.0,632.0,0.0,0,14.860420168067227
1772,1,1690.0,632.0,0.0,0,14.868823529411763
1773,1,1694.0,634.0,0.0,0,14.877142857142855
1774,1,1698.0,637.0,0.0,0,14.885546218487397
1775,1,1706.0,637.0,0.0,0,14.893949579831933
1776,1,1710.0,640.0,0.0,0,14.90235294117647
1777,1,1714.0,640.0,0.0,0,14.910756302521008
1778,1,1720.0,642.0,0.0,0,14.919159663865546
1779,1,1724.0,642.0,0.0,0,14.927478991596638
1780,1,1732.0,642.0,0.0,0,14.935882352941176
1781,0,0.0,0.0,0.0,0,14.944285714285714
1782,0,0.0,0.0,0.0,0,14.952689075630252
1783,0,0.0,0.0,0.0,0,14.96109243697479
1784,0,0.0,0.0,0.0,0,14.969411764705884
1785,0,0.0,0.0,0.0,0,14.977899159663863
1786,0,0.0,0.0,0.0,0,14.98621848739496
1787,0,0.0,0.0,0.0,0,14.994621848739497
1788,0,0.0,0.0,0.0,0,15.003025210084036
1789,0,0.0,0.0,0.0,0,15.011428571428572
1790,0,0.0,0.0,0.0,0,15.01983193277311
1791,0,0.0,0.0,0.0,0,15.028235294117648
1792,0,0.0,0.0,0.0,0,15.036638655462186
1793,0,0.0,0.0,0.0,0,15.045042016806724
1794,0,0.0,0.0,0.0,0,15.05344537815126
1795,0,0.0,0.0,0.0,0,15.061764705882354
1796,0,0.0,0.0,0.0,0,15.070252100840335
1797,0,0.0,0.0,0.0,0,15.078655462184877
1798,0,0.0,0.0,0.0,0,15.086974789915969
1799,0,0.0,0.0,0.0,0,15.09546218487395
1800,0,0.0,0.0,0.0,0,15.103781512605044
1801,0,0.0,0.0,0.0,0,15.11218487394958
1802,0,0.0,0.0,0.0,0,15.120588235294118
1803,0,0.0,0.0,0.0,0,15.128991596638656
1804,0,0.0,0.0,0.0,0,15.137394957983194
1805,0,0.0,0.0,0.0,0,15.145798319327731
1806,0,0.0,0.0,0.0,0,15.15420168067227
1807,0,0.0,0.0,0.0,0,15.162605042016809
1808,0,0.0,0.0,0.0,0,15.1709243697479
1809,0,0.0,0.0,0.0,0,15.179327731092435
1810,0,0.0,0.0,0.0,0,15.187731092436977
1811,0,0.0,0.0,0.0,0,15.196134453781513
1812,0,0.0,0.0,0.0,0,15.20453781512605
1813,0,0.0,0.0,0.0,0,15.212941176470588
1814,0,0.0,0.0,0.0,0,15.221344537815126
1815,0,0.0,0.0,0.0,0,15.229747899159664
1816,0,0.0,0.0,0.0,0,15.238151260504202
1817,0,0.0,0.0,0.0,0,15.24655462184874
1818,0,0.0,0.0,0.0,0,15.254873949579832
1819,0,0.0,0.0,0.0,0,15.26327731092437
1820,0,0.0,0.0,0.0,0,15.271680672268907
1821,1,1732.0,634.0,0.0,0,15.280084033613443
1822,1,1730.0,637.0,0.0,0,15.288487394957984
1823,1,1734.0,637.0,0.0,0,15.296890756302522
1824,1,1734.0,637.0,0.0,0,15.30529411764706
1825,1,1734.0,637.0,0.0,0,15.313697478991598
1826,1,1732.0,637.0,0.0,0,15.322100840336136
1827,1,1732.0,642.0,0.0,0,15.330504201680672
1828,1,1736.0,640.0,0.0,0,15.338823529411766
1829,0,0.0,0.0,0.0,0,15.347226890756303
1830,0,0.0,0.0,0.0,0,15.35563025210084
1831,1,1732.0,640.0,0.0,0,15.36403361344538
1832,1,1738.0,637.0,0.0,0,15.372436974789917
1833,1,1742.0,637.0,0.0,0,15.380840336134456
1834,1,1742.0,637.0,0.0,0,15.389243697478992
1835,1,1742.0,640.0,0.0,0,15.39764705882353
1836,1,1740.0,642.0,0.0,0,15.406050420168068
1837,1,1740.0,642.0,0.0,0,15.414453781512606
1838,1,1740.0,642.0,0.0,0,15.422857142857143
1839,1,1744.0,645.0,0.0,0,15.43126050420168
1840,1,1742.0,637.0,0.0,0,15.439579831932774
1841,1,1742.0,645.0,0.0,0,15.448067226890757
1842,1,1744.0,645.0,0.0,0,15.456386554621847
1843,0,0.0,0.0,0.0,0,15.464789915966389
1844,1,1738.0,637.0,0.0,0,15.473193277310925
1845,1,1734.0,637.0,0.0,0,15.481596638655462
1846,1,1730.0,637.0,0.0,0,15.49
1847,1,1732.0,640.0,0.0,0,15.498403361344538
1848,0,0.0,0.0,0.0,0,15.506806722689076
1849,0,0.0,0.0,0.0,0,15.515210084033614
1850,0,0.0,0.0,0.0,0,15.523529411764706
1851,0,0.0,0.0,0.0,0,15.53201680672269
1852,0,0.0,0.0,0.0,0,15.54033613445378
1853,0,0.0,0.0,0.0,0,15.54873949579832
1854,0,0.0,0.0,0.0,0,15.557142857142855
1855,1,914.0,1026.0,0.0,0,15.565546218487397
1856,1,916.0,1029.0,0.0,0,15.573949579831933
1857,1,916.0,1032.0,0.0,0,15.58235294117647
1858,1,916.0,1032.0,0.0,0,15.590756302521008
1859,1,916.0,1032.0,0.0,0,15.599159663865546
1860,0,0.0,0.0,0.0,0,15.607563025210084
1861,1,912.0,1032.0,0.0,0,15.615882352941178
1862,1,912.0,1032.0,0.0,0,15.624285714285715
1863,1,912.0,1032.0,0.0,0,15.632689075630251
1864,1,914.0,1034.0,0.0,0,15.641092436974793
1865,1,914.0,1037.0,0.0,0,15.649495798319329
1866,1,914.0,1037.0,0.0,0,15.657899159663868
1867,1,914.0,1037.0,0.0,0,15.666302521008404
1868,1,914.0,1037.0,0.0,0,15.674705882352942
1869,1,912.0,1037.0,0.0,0,15.68310924369748
1870,1,914.0,1040.0,0.0,0,15.691512605042018
1871,1,918.0,1037.0,0.0,0,15.699915966386556
1872,1,1732.0,640.0,0.0,0,15.708235294117646
1873,0,0.0,0.0,0.0,0,15.716638655462186
1874,1,934.0,1037.0,0.0,0,15.725042016806723
1875,1,934.0,1037.0,0.0,0,15.73344537815126
1876,1,932.0,1042.0,0.0,0,15.7418487394958
1877,1,924.0,1040.0,0.0,0,15.750252100840337
1878,1,930.0,1040.0,0.0,0,15.758655462184874
1879,1,936.0,1040.0,0.0,0,15.767058823529412
1880,1,936.0,1034.0,0.0,0,15.77546218487395
1881,0,0.0,0.0,0.0,0,15.783865546218488
1882,0,0.0,0.0,0.0,0,15.79218487394958
1883,0,0.0,0.0,0.0,0,15.800588235294118
1884,0,0.0,0.0,0.0,0,15.808991596638656
1885,0,0.0,0.0,0.0,0,15.817394957983192
1886,0,0.0,0.0,0.0,0,15.825798319327731
1887,0,0.0,0.0,0.0,0,15.834285714285716
1888,0,0.0,0.0,0.0,0,15.842605042016809
1889,0,0.0,0.0,0.0,0,15.851008403361345
1890,0,0.0,0.0,0.0,0,15.859411764705882
1891,0,0.0,0.0,0.0,0,15.86781512605042
1892,0,0.0,0.0,0.0,0,15.876218487394958
1893,0,0.0,0.0,0.0,0,15.88453781512605
1894,0,0.0,0.0,0.0,0,15.892941176470588
1895,0,0.0,0.0,0.0,0,15.901344537815126
1896,0,0.0,0.0,0.0,0,15.909747899159663
1897,0,0.0,0.0,0.0,0,15.9181512605042
1898,0,0.0,0.0,0.0,0,15.92655462184874
1899,0,0.0,0.0,0.0,0,15.93495798319328
1900,0,0.0,0.0,0.0,0,15.943361344537816
1901,0,0.0,0.0,0.0,0,15.951764705882354
1902,0,0.0,0.0,0.0,0,15.960168067226892
1903,0,0.0,0.0,0.0,0,15.96857142857143
1904,0,0.0,0.0,0.0,0,15.976890756302522
1905,0,0.0,0.0,0.0,0,15.98529411764706
1906,0,0.0,0.0,0.0,0,15.993697478991596
1907,0,0.0,0.0,0.0,0,16.002100840336134
1908,0,0.0,0.0,0.0,0,16.01050420168067
1909,0,0.0,0.0,0.0,0,16.01890756302521
1910,0,0.0,0.0,0.0,0,16.027310924369747
1911,0,0.0,0.0,0.0,0,16.035714285714285
1912,0,0.0,0.0,0.0,0,16.044117647058822
1913,0,0.0,0.0,0.0,0,16.05252100840336
1914,0,0.0,0.0,0.0,0,16.060924369747898
1915,0,0.0,0.0,0.0,0,16.069243697478992
1916,0,0.0,0.0,0.0,0,16.07764705882353
1917,0,0.0,0.0,0.0,0,16.086050420168068
1918,0,0.0,0.0,0.0,0,16.094453781512605
1919,0,0.0,0.0,0.0,0,16.102857142857143
1920,0,0.0,0.0,0.0,0,16.11126050420168
1921,0,0.0,0.0,0.0,0,16.11966386554622
1922,0,0.0,0.0,0.0,0,16.128067226890757
1923,0,0.0,0.0,0.0,0,16.136470588235294
1924,0,0.0,0.0,0.0,0,16.144873949579832
1925,0,0.0,0.0,0.0,0,16.15327731092437
1926,0,0.0,0.0,0.0,0,16.161596638655464
1927,0,0.0,0.0,0.0,0,16.17
1928,0,0.0,0.0,0.0,0,16.17840336134454
1929,0,0.0,0.0,0.0,0,16.186806722689077
1930,0,0.0,0.0,0.0,0,16.195210084033615
1931,0,0.0,0.0,0.0,0,16.203613445378153
1932,0,0.0,0.0,0.0,0,16.21201680672269
1933,0,0.0,0.0,0.0,0,16.22042016806723
1934,0,0.0,0.0,0.0,0,16.228823529411766
1935,0,0.0,0.0,0.0,0,16.237226890756304
1936,0,0.0,0.0,0.0,0,16.24563025210084
1937,0,0.0,0.0,0.0,0,16.253949579831932
1938,0,0.0,0.0,0.0,0,16.26235294117647
1939,0,0.0,0.0,0.0,0,16.270840336134455
1940,0,0.0,0.0,0.0,0,16.279243697478993
1941,0,0.0,0.0,0.0,0,16.28764705882353
1942,0,0.0,0.0,0.0,0,16.29596638655462
1943,0,0.0,0.0,0.0,0,16.304453781512606
1944,0,0.0,0.0,0.0,0,16.312857142857144
1945,0,0.0,0.0,0.0,0,16.321176470588235
1946,0,0.0,0.0,0.0,0,16.329579831932772
1947,0,0.0,0.0,0.0,0,16.33798319327731
1948,0,0.0,0.0,0.0,0,16.346386554621848
1949,0,0.0,0.0,0.0,0,16.354789915966386
1950,0,0.0,0.0,0.0,0,16.363193277310923
1951,0,0.0,0.0,0.0,0,16.37159663865546
1952,0,0.0,0.0,0.0,0,16.379915966386555
1953,0,0.0,0.0,0.0,0,16.388319327731093
1954,0,0.0,0.0,0.0,0,16.39672268907563
1955,0,0.0,0.0,0.0,0,16.40512605042017
1956,0,0.0,0.0,0.0,0,16.413529411764706
1957,0,0.0,0.0,0.0,0,16.421932773109244
1958,0,0.0,0.0,0.0,0,16.430252100840338
1959,0,0.0,0.0,0.0,0,16.438655462184876
1960,0,0.0,0.0,0.0,0,16.447058823529414
1961,0,0.0,0.0,0.0,0,16.45546218487395
1962,0,0.0,0.0,0.0,0,16.46386554621849
1963,0,0.0,0.0,0.0,0,16.472268907563027
1964,0,0.0,0.0,0.0,0,16.480672268907565
1965,0,0.0,0.0,0.0,0,16.489075630252103
1966,0,0.0,0.0,0.0,0,16.49747899159664
1967,0,0.0,0.0,0.0,0,16.50588235294118
1968,0,0.0,0.0,0.0,0,16.514285714285716
1969,0,0.0,0.0,0.0,0,16.522605042016806
1970,0,0.0,0.0,0.0,0,16.531008403361344
